"ID","Registry name","Fog Color","Sky Color","Water Color","Water Fog Color","Grass Color","Foliage Color"
0,"still_life:alpine_heathlands","0x00C0D8FF (12638463)","0x006EB1FF (7254527)","0x00476C79 (4680825)","0x000E181C (923676)","0x009BBA67 (  10205799)","0x006C8E46 (   7114310)"
1,"still_life:alpine_plains","0x00C0D8FF (12638463)","0x006EB1FF (7254527)","0x00476C79 (4680825)","0x000E181C (923676)","0x009BBA67 (  10205799)","0x006C8E46 (   7114310)"
2,"still_life:alpine_tundra","0x00C0D8FF (12638463)","0x006EB1FF (7254527)","0x00476C79 (4680825)","0x000E181C (923676)","0x00A6AC5E (  10923102)","0x006C8E46 (   7114310)"
3,"betterend:amber_land","0xFFFFB847 (-18361)","0x00000000 (0)","0xFF916C48 (-7246776)","0xFF916C48 (-7246776)","0xFFDB7326 (  -2395354)","0xFFDB7326 (  -2395354)"
4,"still_life:arctic_beach","0x00C0D8FF (12638463)","0x0078A7FF (7907327)","0x00414E71 (4279921)","0x0000081B (2075)","0x008F9164 (   9408868)","0x00837346 (   8614726)"
5,"still_life:arctic_deep_ocean","0x00C0D8FF (12638463)","0x007BA4FF (8103167)","0x00414E71 (4279921)","0x0000081B (2075)","0xFF98B76A (  -6768790)","0xFF70AA4A (  -9393590)"
6,"still_life:arctic_desert","0x00C0D8FF (12638463)","0x006EB1FF (7254527)","0x00324B67 (3296103)","0x001C204E (1843278)","0x00B48F73 (  11833203)","0x00A5B350 (  10859344)"
7,"still_life:arctic_desert_basin","0x00C0D8FF (12638463)","0x006EB1FF (7254527)","0x00324B67 (3296103)","0x001C204E (1843278)","0x0093966F (   9672303)","0x00837346 (   8614726)"
8,"still_life:arctic_glacier","0x00C0D8FF (12638463)","0x006EB1FF (7254527)","0x00324B67 (3296103)","0x001C204E (1843278)","0x00B48F73 (  11833203)","0x00A5B350 (  10859344)"
9,"still_life:arctic_river","0x00C0D8FF (12638463)","0x006EB1FF (7254527)","0x00324B67 (3296103)","0x001C204E (1843278)","0x008F9164 (   9408868)","0x00837346 (   8614726)"
10,"still_life:arctic_shallow_ocean","0x00C0D8FF (12638463)","0x007BA4FF (8103167)","0x00414E71 (4279921)","0x0000081B (2075)","0x008F9164 (   9408868)","0x00837346 (   8614726)"
11,"still_life:arctic_tundra","0x00C0D8FF (12638463)","0x006EB1FF (7254527)","0x00324B67 (3296103)","0x001C204E (1843278)","0x00BF825E (  12550750)","0x0091453E (   9520446)"
12,"still_life:arctic_wetlands","0x00C0D8FF (12638463)","0x006EB1FF (7254527)","0x003F565E (4150878)","0x001C3435 (1848373)","0x009CAB79 (  10267513)","0x00837346 (   8614726)"
13,"still_life:arid_beach","0x00C0D8FF (12638463)","0x0078A7FF (7907327)","0x004588BD (4556989)","0x00041633 (267827)","0x00F6D389 (  16176009)","0x00B1B374 (  11645812)"
14,"still_life:arid_desert","0x00C0D8FF (12638463)","0x006EB1FF (7254527)","0x00477375 (4682613)","0x000A1C1E (662558)","0x00F2D699 (  15914649)","0x00B1B374 (  11645812)"
15,"still_life:arid_highlands","0x00C0D8FF (12638463)","0x006EB1FF (7254527)","0x00477375 (4682613)","0x000A1C1E (662558)","0x00FEDFAB (  16703403)","0x00B1B374 (  11645812)"
16,"incendium:ash_barrens","0x005E5C62 (6184034)","0x006EB1FF (7254527)","0x003F3944 (4143428)","0x00423E42 (4341314)","0xFFC8B650 (  -3623344)","0xFFB2A726 (  -5069018)"
17,"minecraft:badlands","0x00C0D8FF (12638463)","0x006EB1FF (7254527)","0x003F76E4 (4159204)","0x00050533 (329011)","0x0090814D (   9470285)","0x009E814D (  10387789)"
18,"minecraft:bamboo_jungle","0x00C0D8FF (12638463)","0x0077A8FF (7842047)","0x003F76E4 (4159204)","0x00050533 (329011)","0xFF65C732 ( -10107086)","0xFF2CC005 ( -13844475)"
19,"still_life:barren_arctic_desert","0x00C0D8FF (12638463)","0x006EB1FF (7254527)","0x00324B67 (3296103)","0x001C204E (1843278)","0x00B48F73 (  11833203)","0x00A5B350 (  10859344)"
20,"still_life:barren_caves","0x00C0D8FF (12638463)","0x006EB1FF (7254527)","0x0041636A (4285290)","0x000E181C (923676)","0x0084AB55 (   8694613)","0x006FA14D (   7315789)"
21,"still_life:barren_mediterranean_highlands","0x00C0D8FF (12638463)","0x006EB1FF (7254527)","0x00788050 (7897168)","0x0026291A (2500890)","0x00C8BD82 (  13155714)","0x0099A557 (  10069335)"
22,"still_life:barren_peaks","0x00C0D8FF (12638463)","0x006EB1FF (7254527)","0x00788050 (7897168)","0x0026291A (2500890)","0x00C1B17B (  12693883)","0x00A5A689 (  10856073)"
23,"still_life:barren_tundra","0x00C0D8FF (12638463)","0x006EB1FF (7254527)","0x00324B67 (3296103)","0x001C204E (1843278)","0x00B48F73 (  11833203)","0x00A5B350 (  10859344)"
24,"minecraft:basalt_deltas","0x00685F70 (6840176)","0x006EB1FF (7254527)","0x003F76E4 (4159204)","0x00050533 (329011)","0xFFC8B650 (  -3623344)","0xFFB2A726 (  -5069018)"
25,"minecraft:beach","0x00C0D8FF (12638463)","0x0078A7FF (7907327)","0x003F76E4 (4159204)","0x00050533 (329011)","0xFF9ABC53 (  -6636461)","0xFF77AF2B (  -8933589)"
26,"minecraft:birch_forest","0x00C0D8FF (12638463)","0x007AA5FF (8037887)","0x003F76E4 (4159204)","0x00050533 (329011)","0xFF92B95F (  -7161505)","0xFF69AC3C (  -9851844)"
27,"still_life:birch_forest","0x00C0D8FF (12638463)","0x006EB1FF (7254527)","0x0041636A (4285290)","0x000E181C (923676)","0x0094B866 (   9746534)","0x0076A052 (   7774290)"
28,"betterend:blossoming_spires","0xFFF192E5 (-945435)","0x00000000 (0)","0x003F76E4 (4159204)","0x00050533 (329011)","0xFF7A2D7A (  -8770182)","0xFF7A2D7A (  -8770182)"
29,"still_life:bog","0x00C0D8FF (12638463)","0x006EB1FF (7254527)","0x003F565E (4150878)","0x001C3435 (1848373)","0x00BB7E60 (  12287584)","0x0091453E (   9520446)"
30,"betternether:bone_reef","0xFF2FDDCA (-13640246)","0x006EB1FF (7254527)","0x003F76E4 (4159204)","0x00050533 (329011)","0xFFC8B650 (  -3623344)","0xFFB2A726 (  -5069018)"
31,"still_life:boreal_alpine_tundra","0x00C0D8FF (12638463)","0x006EB1FF (7254527)","0x00788050 (7897168)","0x0026291A (2500890)","0x00B6AF6E (  11972462)","0x00A1A155 (  10592597)"
32,"still_life:boreal_river","0x00C0D8FF (12638463)","0x006EB1FF (7254527)","0x00475966 (4675942)","0x000E181C (923676)","0x00789555 (   7902549)","0x00798B46 (   7965510)"
33,"minecraft:cherry_grove","0x00C0D8FF (12638463)","0x007BA4FF (8103167)","0x005DB7EF (6141935)","0x005DB7EF (6141935)","0x00B6DB61 (  11983713)","0x00B6DB61 (  11983713)"
34,"betterend:chorus_forest","0xFF571A57 (-11068841)","0x00000000 (0)","0xFF491E49 (-11985335)","0xFF491E49 (-11985335)","0xFF7A2D7A (  -8770182)","0xFF7A2D7A (  -8770182)"
35,"still_life:cold_barren_highlands","0x00C0D8FF (12638463)","0x006EB1FF (7254527)","0x00627A7B (6453883)","0x0026291A (2500890)","0x00C1B17B (  12693883)","0x00A5A689 (  10856073)"
36,"still_life:cold_deep_ocean","0x00C0D8FF (12638463)","0x007BA4FF (8103167)","0x00445B77 (4479863)","0x00000C1C (3100)","0x00AEA96F (  11446639)","0x00B97346 (  12153670)"
37,"still_life:cold_desert","0x00C0D8FF (12638463)","0x006EB1FF (7254527)","0x00627A7B (6453883)","0x000E181C (923676)","0x00C8B887 (  13154439)","0x00A5957B (  10851707)"
38,"minecraft:cold_ocean","0x00C0D8FF (12638463)","0x007BA4FF (8103167)","0x003D57D6 (4020182)","0x00050533 (329011)","0xFF98B76A (  -6768790)","0xFF70AA4A (  -9393590)"
39,"still_life:cold_semi_desert","0x00C0D8FF (12638463)","0x006EB1FF (7254527)","0x00627A7B (6453883)","0x000E181C (923676)","0x00CDBD84 (  13483396)","0x00A5A689 (  10856073)"
40,"still_life:cold_shallow_ocean","0x00C0D8FF (12638463)","0x007BA4FF (8103167)","0x00445B77 (4479863)","0x00000C1C (3100)","0x00AEA96F (  11446639)","0x00B97346 (  12153670)"
41,"still_life:cold_steppe","0x00C0D8FF (12638463)","0x006EB1FF (7254527)","0x00627A7B (6453883)","0x000E181C (923676)","0x00A5C06D (  10862701)","0x0082AC55 (   8563797)"
42,"still_life:cold_taiga","0x00C0D8FF (12638463)","0x006EB1FF (7254527)","0x00475966 (4675942)","0x000E181C (923676)","0x00868E55 (   8818261)","0x00A19546 (  10589510)"
43,"still_life:cold_taiga_clearings","0x00C0D8FF (12638463)","0x006EB1FF (7254527)","0x00475966 (4675942)","0x000E181C (923676)","0x0099A055 (  10068053)","0x00A19546 (  10589510)"
44,"still_life:cold_tundra_beach","0x00C0D8FF (12638463)","0x007BA4FF (8103167)","0x00414E71 (4279921)","0x0000081B (2075)","0x008F9164 (   9408868)","0x00837346 (   8614726)"
45,"minecraft:crimson_forest","0x00330303 (3343107)","0x006EB1FF (7254527)","0x003F76E4 (4159204)","0x00050533 (329011)","0xFFC8B650 (  -3623344)","0xFFB2A726 (  -5069018)"
46,"betternether:crimson_glowing_woods","0xFF330303 (-13434109)","0x006EB1FF (7254527)","0x003F76E4 (4159204)","0x00050533 (329011)","0xFFC8B650 (  -3623344)","0xFFB2A726 (  -5069018)"
47,"betternether:crimson_pinewood","0xFF330303 (-13434109)","0x006EB1FF (7254527)","0x003F76E4 (4159204)","0x00050533 (329011)","0xFFC8B650 (  -3623344)","0xFFB2A726 (  -5069018)"
48,"galosphere:crystal_canyons","0x00C0D8FF (12638463)","0x007BA4FF (8103167)","0x003F76E4 (4159204)","0x00050533 (329011)","0xFF98B76A (  -6768790)","0xFF70AA4A (  -9393590)"
49,"betterend:crystal_mountains","0x00A080A0 (10518688)","0x00000000 (0)","0x003F76E4 (4159204)","0x00050533 (329011)","0xFFFF85D3 (    -31277)","0xFFFF85D3 (    -31277)"
50,"nullscape:crystal_peaks","0x00A080A0 (10518688)","0x00000000 (0)","0x009883D5 (9995221)","0x00050533 (329011)","0x00A388D8 (  10717400)","0x004599D9 (   4561369)"
51,"minecraft:dark_forest","0x00C0D8FF (12638463)","0x0079A6FF (7972607)","0x003F76E4 (4159204)","0x00050533 (329011)","0x0055792E (   5601582)","0xFF57B22C ( -11029972)"
52,"minecraft:deep_cold_ocean","0x00C0D8FF (12638463)","0x007BA4FF (8103167)","0x003D57D6 (4020182)","0x000B1029 (725033)","0xFF98B76A (  -6768790)","0xFF70AA4A (  -9393590)"
53,"minecraft:deep_dark","0x00C0D8FF (12638463)","0x0078A7FF (7907327)","0x003F76E4 (4159204)","0x00050533 (329011)","0xFF9ABC53 (  -6636461)","0xFF77AF2B (  -8933589)"
54,"minecraft:deep_frozen_ocean","0x00C0D8FF (12638463)","0x007BA4FF (8103167)","0x003938C9 (3750089)","0x000B0A26 (723494)","0xFF98B76A (  -6768790)","0xFF70AA4A (  -9393590)"
55,"minecraft:deep_lukewarm_ocean","0x00C0D8FF (12638463)","0x007BA4FF (8103167)","0x0045ADF2 (4566514)","0x000D212E (860462)","0xFF98B76A (  -6768790)","0xFF70AA4A (  -9393590)"
56,"minecraft:deep_ocean","0x00C0D8FF (12638463)","0x007BA4FF (8103167)","0x003F76E4 (4159204)","0x000C162B (792107)","0xFF98B76A (  -6768790)","0xFF70AA4A (  -9393590)"
57,"terrablender:deferred_placeholder","0x00C0D8FF (12638463)","0x007BA4FF (8103167)","0x003F76E4 (4159204)","0x00050533 (329011)","0xFF98B76A (  -6768790)","0xFF70AA4A (  -9393590)"
58,"minecraft:desert","0x00C0D8FF (12638463)","0x006EB1FF (7254527)","0x003F76E4 (4159204)","0x00050533 (329011)","0xFFC8B650 (  -3623344)","0xFFB2A726 (  -5069018)"
59,"still_life:desert_river","0x00C0D8FF (12638463)","0x006EB1FF (7254527)","0x00477375 (4682613)","0x000A1C1E (662558)","0x00F2D699 (  15914649)","0x00B1B374 (  11645812)"
60,"still_life:desert_wetlands","0x00C0D8FF (12638463)","0x006EB1FF (7254527)","0x00776B52 (7826258)","0x002A1D12 (2759954)","0x00B8BF68 (  12107624)","0x00B0BD64 (  11582820)"
61,"betterend:dragon_graveyards","0xFFF42E4F (-774577)","0x00000000 (0)","0xFFCB3BA7 (-3458137)","0xFFCB3BA7 (-3458137)","0xFFF42E4F (   -774577)","0xFFF42E4F (   -774577)"
62,"minecraft:dripstone_caves","0x00C0D8FF (12638463)","0x0078A7FF (7907327)","0x003F76E4 (4159204)","0x00050533 (329011)","0xFF9ABC53 (  -6636461)","0xFF77AF2B (  -8933589)"
63,"still_life:dry_cold_steppe","0x00C0D8FF (12638463)","0x006EB1FF (7254527)","0x00627A7B (6453883)","0x000E181C (923676)","0x00C5C476 (  12960886)","0x00A5A689 (  10856073)"
64,"betterend:dry_shrubland","0xFF84230D (-8117491)","0x00000000 (0)","0xFF715835 (-9349067)","0xFF715835 (-9349067)","0xFFED7A42 (  -1213886)","0xFFED7A42 (  -1213886)"
65,"still_life:dry_tropical_highlands","0x00C0D8FF (12638463)","0x0077A8FF (7842047)","0x00477375 (4682613)","0x000A1C1E (662558)","0x00BCB264 (  12366436)","0x0088A239 (   8954425)"
66,"betterend:dust_wastelands","0xFFE2EFA8 (-1904728)","0x00000000 (0)","0xFFC0B483 (-4148093)","0xFFC0B483 (-4148093)","0xFF98B76A (  -6768790)","0xFF70AA4A (  -9393590)"
67,"betterend:empty_aurora_cave","0xFF961E44 (-6939068)","0x00000000 (0)","0xFFBA4DED (-4567571)","0xFFBA4DED (-4567571)","0xFF6C192E (  -9692882)","0xFF6C192E (  -9692882)"
68,"betterend:empty_end_cave","0x00A080A0 (10518688)","0x00000000 (0)","0x003F76E4 (4159204)","0x00050533 (329011)","0xFF98B76A (  -6768790)","0xFF70AA4A (  -9393590)"
69,"betterend:empty_smaragdant_cave","0xFF00FDB6 (-16712266)","0x00000000 (0)","0xFF1FA7D4 (-14702636)","0xFF1FA7D4 (-14702636)","0xFF008391 ( -16743535)","0xFF008391 ( -16743535)"
70,"minecraft:end_barrens","0x00A080A0 (10518688)","0x00000000 (0)","0x003F76E4 (4159204)","0x00050533 (329011)","0xFF98B76A (  -6768790)","0xFF70AA4A (  -9393590)"
71,"minecraft:end_highlands","0x00A080A0 (10518688)","0x00000000 (0)","0x003F76E4 (4159204)","0x00050533 (329011)","0xFF98B76A (  -6768790)","0xFF70AA4A (  -9393590)"
72,"minecraft:end_midlands","0x00A080A0 (10518688)","0x00000000 (0)","0x003F76E4 (4159204)","0x00050533 (329011)","0xFF98B76A (  -6768790)","0xFF70AA4A (  -9393590)"
73,"minecraft:eroded_badlands","0x00C0D8FF (12638463)","0x006EB1FF (7254527)","0x003F76E4 (4159204)","0x00050533 (329011)","0x0090814D (   9470285)","0x009E814D (  10387789)"
74,"still_life:evergreen_taiga","0x00C0D8FF (12638463)","0x006EB1FF (7254527)","0x00475966 (4675942)","0x000E181C (923676)","0x00789555 (   7902549)","0x00798B46 (   7965510)"
75,"still_life:fen","0x00C0D8FF (12638463)","0x006EB1FF (7254527)","0x00788050 (7897168)","0x0026291A (2500890)","0x008F9263 (   9409123)","0x00978E46 (   9932358)"
76,"betternether:flooded_deltas","0xFF685F70 (-9937040)","0x006EB1FF (7254527)","0x003F76E4 (4159204)","0x00050533 (329011)","0xFFC8B650 (  -3623344)","0xFFB2A726 (  -5069018)"
77,"still_life:flooded_grasslands","0x00C0D8FF (12638463)","0x006EB1FF (7254527)","0x0064775E (6584158)","0x0026291A (2500890)","0x00B8BF70 (  12107632)","0x009CA66C (  10266220)"
78,"still_life:flooded_savanna","0x00C0D8FF (12638463)","0x006EB1FF (7254527)","0x00788050 (7897168)","0x0026291A (2500890)","0x00C6BF6C (  13025132)","0x00A5B350 (  10859344)"
79,"minecraft:flower_forest","0x00C0D8FF (12638463)","0x0079A6FF (7972607)","0x003F76E4 (4159204)","0x00050533 (329011)","0xFF83BE53 (  -8143277)","0xFF57B22C ( -11029972)"
80,"betterend:foggy_mushroomland","0xFF297AAD (-14058835)","0x00000000 (0)","0xFF77E3FA (-8920070)","0xFF77E3FA (-8920070)","0xFF49D2D1 ( -11939119)","0xFF49D2D1 ( -11939119)"
81,"minecraft:forest","0x00C0D8FF (12638463)","0x0079A6FF (7972607)","0x003F76E4 (4159204)","0x00050533 (329011)","0xFF83BE53 (  -8143277)","0xFF57B22C ( -11029972)"
82,"still_life:frozen_caves","0x00C0D8FF (12638463)","0x006EB1FF (7254527)","0x0041636A (4285290)","0x000E181C (923676)","0x0084AB55 (   8694613)","0x006FA14D (   7315789)"
83,"minecraft:frozen_ocean","0x00C0D8FF (12638463)","0x007FA1FF (8364543)","0x003938C9 (3750089)","0x00050533 (329011)","0xFF8AB18D (  -7687795)","0xFF5EA37B ( -10574981)"
84,"minecraft:frozen_peaks","0x00C0D8FF (12638463)","0x00859DFF (8756735)","0x003F76E4 (4159204)","0x00050533 (329011)","0xFF8AB18D (  -7687795)","0xFF5EA37B ( -10574981)"
85,"minecraft:frozen_river","0x00C0D8FF (12638463)","0x007FA1FF (8364543)","0x003938C9 (3750089)","0x00050533 (329011)","0xFF8AB18D (  -7687795)","0xFF5EA37B ( -10574981)"
86,"still_life:glacial_basin","0x00C0D8FF (12638463)","0x006EB1FF (7254527)","0x00324B67 (3296103)","0x001C204E (1843278)","0x00DBCB6E (  14404462)","0x00A5B350 (  10859344)"
87,"still_life:glowing_caves","0x00C0D8FF (12638463)","0x006EB1FF (7254527)","0x0041636A (4285290)","0x000E181C (923676)","0x0084AB55 (   8694613)","0x006FA14D (   7315789)"
88,"betterend:glowing_grasslands","0xFF63E4F7 (-10230537)","0x00000000 (0)","0xFF5CFAE6 (-10683674)","0xFF5CFAE6 (-10683674)","0xFF49D2D1 ( -11939119)","0xFF49D2D1 ( -11939119)"
89,"still_life:grassland_savanna","0x00C0D8FF (12638463)","0x006EB1FF (7254527)","0x00477375 (4682613)","0x000A1C1E (662558)","0x00F2DA8A (  15915658)","0x00A5B350 (  10859344)"
90,"betternether:gravel_desert","0xFFAA3000 (-5623808)","0x006EB1FF (7254527)","0x003F76E4 (4159204)","0x00050533 (329011)","0xFFC8B650 (  -3623344)","0xFFB2A726 (  -5069018)"
91,"minecraft:grove","0x00C0D8FF (12638463)","0x0081A0FF (8495359)","0x003F76E4 (4159204)","0x00050533 (329011)","0xFF8AB18D (  -7687795)","0xFF5EA37B ( -10574981)"
92,"still_life:haunted_depths","0x00C0D8FF (12638463)","0x006EB1FF (7254527)","0x0041636A (4285290)","0x000E181C (923676)","0x0031391D (   3225885)","0x00313625 (   3225125)"
93,"still_life:humid_savanna","0x00C0D8FF (12638463)","0x0077A8FF (7842047)","0x00477375 (4682613)","0x000A1C1E (662558)","0x00A0BC5A (  10533978)","0x00719C36 (   7445558)"
94,"minecraft:ice_spikes","0x00C0D8FF (12638463)","0x007FA1FF (8364543)","0x003F76E4 (4159204)","0x00050533 (329011)","0xFF8AB18D (  -7687795)","0xFF5EA37B ( -10574981)"
95,"betterend:ice_starfield","0xFFE0F5FE (-2034178)","0x00000000 (0)","0x003F76E4 (4159204)","0x00050533 (329011)","0xFF8AB18D (  -7687795)","0xFFC1F4F4 (  -4066060)"
96,"incendium:infernal_dunes","0x00684E4B (6835787)","0x00CF5E00 (13590016)","0x003F76E4 (4159204)","0x00423E42 (4341314)","0xFFC8B650 (  -3623344)","0xFFB2A726 (  -5069018)"
97,"still_life:infested_tunnels","0x00C0D8FF (12638463)","0x006EB1FF (7254527)","0x0041636A (4285290)","0x000E181C (923676)","0x0084AB55 (   8694613)","0x006FA14D (   7315789)"
98,"incendium:inverted_forest","0x001A051A (1705242)","0x006EB1FF (7254527)","0x003F76E4 (4159204)","0x00050533 (329011)","0xFFC8B650 (  -3623344)","0xFFB2A726 (  -5069018)"
99,"betterend:jade_cave","0xFF769670 (-9005456)","0x00000000 (0)","0xFF5FDFFF (-10493953)","0xFF5FDFFF (-10493953)","0xFF98B76A (  -6768790)","0xFF70AA4A (  -9393590)"
100,"minecraft:jagged_peaks","0x00C0D8FF (12638463)","0x00859DFF (8756735)","0x003F76E4 (4159204)","0x00050533 (329011)","0xFF8AB18D (  -7687795)","0xFF5EA37B ( -10574981)"
101,"minecraft:jungle","0x00C0D8FF (12638463)","0x0077A8FF (7842047)","0x003F76E4 (4159204)","0x00050533 (329011)","0xFF65C732 ( -10107086)","0xFF2CC005 ( -13844475)"
102,"betterend:lantern_woods","0xFFBD5246 (-4369850)","0x00000000 (0)","0xFFABEAE2 (-5510430)","0xFFABEAE2 (-5510430)","0xFFFE5539 (   -109255)","0xFFFE5539 (   -109255)"
103,"still_life:larch_woodlands","0x00C0D8FF (12638463)","0x006EB1FF (7254527)","0x00788050 (7897168)","0x0026291A (2500890)","0x0097A35A (   9937754)","0x00C2A544 (  12756292)"
104,"galosphere:lichen_caves","0x00C0D8FF (12638463)","0x007BA4FF (8103167)","0x003F76E4 (4159204)","0x00050533 (329011)","0xFF98B76A (  -6768790)","0xFF70AA4A (  -9393590)"
105,"minecraft:lukewarm_ocean","0x00C0D8FF (12638463)","0x007BA4FF (8103167)","0x0045ADF2 (4566514)","0x00041633 (267827)","0xFF98B76A (  -6768790)","0xFF70AA4A (  -9393590)"
106,"betterend:lush_aurora_cave","0xFF961E44 (-6939068)","0x00000000 (0)","0xFFBA4DED (-4567571)","0xFFBA4DED (-4567571)","0xFF6C192E (  -9692882)","0xFF6C192E (  -9692882)"
107,"minecraft:lush_caves","0x00C0D8FF (12638463)","0x007BA4FF (8103167)","0x003F76E4 (4159204)","0x00050533 (329011)","0xFF98B76A (  -6768790)","0xFF70AA4A (  -9393590)"
108,"betterend:lush_smaragdant_cave","0xFF00FDB6 (-16712266)","0x00000000 (0)","0xFF1FA7D4 (-14702636)","0xFF1FA7D4 (-14702636)","0xFF008391 ( -16743535)","0xFF008391 ( -16743535)"
109,"still_life:lush_tundra","0x00C0D8FF (12638463)","0x006EB1FF (7254527)","0x00324B67 (3296103)","0x001C204E (1843278)","0x00AEA96F (  11446639)","0x00B97346 (  12153670)"
110,"betternether:magma_land","0xFFF89E44 (-483772)","0x006EB1FF (7254527)","0x003F76E4 (4159204)","0x00050533 (329011)","0xFFC8B650 (  -3623344)","0xFFB2A726 (  -5069018)"
111,"still_life:mangrove_marsh","0x00C0D8FF (12638463)","0x0078A7FF (7907327)","0x003A7A6A (3832426)","0x004D7A60 (5077600)","0x00A5B15D (  10858845)","0x008DB127 (   9285927)"
112,"minecraft:mangrove_swamp","0x00C0D8FF (12638463)","0x0078A7FF (7907327)","0x003A7A6A (3832426)","0x004D7A60 (5077600)","0x006A7039 (   6975545)","0x008DB127 (   9285927)"
113,"minecraft:meadow","0x00C0D8FF (12638463)","0x007BA4FF (8103167)","0x000E4ECF (937679)","0x00050533 (329011)","0xFF8CB865 (  -7554971)","0xFF62AC45 ( -10310587)"
114,"still_life:mediterranean_beach","0x00C0D8FF (12638463)","0x0078A7FF (7907327)","0x004588BD (4556989)","0x00041633 (267827)","0x00D1C975 (  13748597)","0x0095B04D (   9809997)"
115,"still_life:mediterranean_forest","0x00C0D8FF (12638463)","0x006EB1FF (7254527)","0x0047696D (4680045)","0x000E181C (923676)","0x00B7C16C (  12042604)","0x0095B04D (   9809997)"
116,"still_life:mediterranean_highlands","0x00C0D8FF (12638463)","0x006EB1FF (7254527)","0x0047696D (4680045)","0x000E181C (923676)","0x00CEC580 (  13550976)","0x00A1A989 (  10594697)"
117,"still_life:mediterranean_marsh","0x00C0D8FF (12638463)","0x006EB1FF (7254527)","0x00788050 (7897168)","0x0026291A (2500890)","0x00C9CA79 (  13224569)","0x0095B04D (   9809997)"
118,"still_life:mediterranean_river","0x00C0D8FF (12638463)","0x006EB1FF (7254527)","0x0047696D (4680045)","0x000E181C (923676)","0x00CFCA79 (  13617785)","0x0095B04D (   9809997)"
119,"still_life:mediterranean_shrubland","0x00C0D8FF (12638463)","0x006EB1FF (7254527)","0x0047696D (4680045)","0x000E181C (923676)","0x00CFCA79 (  13617785)","0x0095B04D (   9809997)"
120,"still_life:mediterranean_steppe","0x00C0D8FF (12638463)","0x006EB1FF (7254527)","0x0047696D (4680045)","0x000E181C (923676)","0x00E1C781 (  14796673)","0x00A39660 (  10720864)"
121,"still_life:mediterranean_swamp","0x00C0D8FF (12638463)","0x006EB1FF (7254527)","0x00788050 (7897168)","0x0026291A (2500890)","0x00B7C16C (  12042604)","0x0095B04D (   9809997)"
122,"still_life:mediterranean_wooded_highlands","0x00C0D8FF (12638463)","0x006EB1FF (7254527)","0x0047696D (4680045)","0x000E181C (923676)","0x00ADB36C (  11383660)","0x00A5B350 (  10859344)"
123,"betterend:megalake","0xFFB2D1F8 (-5058056)","0x00000000 (0)","0xFF60A3FF (-10443777)","0xFF60A3FF (-10443777)","0xFF49D2D1 ( -11939119)","0xFF49D2D1 ( -11939119)"
124,"betterend:megalake_grove","0xFFB2D1F8 (-5058056)","0x00000000 (0)","0xFF60A3FF (-10443777)","0xFF60A3FF (-10443777)","0xFF49D2D1 ( -11939119)","0xFF49D2D1 ( -11939119)"
125,"still_life:mire","0x00C0D8FF (12638463)","0x006EB1FF (7254527)","0x007C7550 (8156496)","0x0026201A (2498586)","0x00AC9F6A (  11313002)","0x007A8C55 (   8031317)"
126,"still_life:mixed_forest_steppe","0x00C0D8FF (12638463)","0x006EB1FF (7254527)","0x0041636A (4285290)","0x000E181C (923676)","0x0096BD60 (   9878880)","0x0082AC55 (   8563797)"
127,"still_life:monsoon_forest","0x00C0D8FF (12638463)","0x0077A8FF (7842047)","0x0040785D (4225117)","0x000A1B13 (662291)","0x008AAB43 (   9087811)","0x00719C36 (   7445558)"
128,"still_life:mushroom_caves","0x00C0D8FF (12638463)","0x006EB1FF (7254527)","0x0041636A (4285290)","0x000E181C (923676)","0x0084AB55 (   8694613)","0x006FA14D (   7315789)"
129,"minecraft:mushroom_fields","0x00C0D8FF (12638463)","0x0077A8FF (7842047)","0x003F76E4 (4159204)","0x00050533 (329011)","0xFF61C634 ( -10369484)","0xFF27C009 ( -14172151)"
130,"betterend:neon_oasis","0xFFE2EFA8 (-1904728)","0x00000000 (0)","0xFF6AEED7 (-9769257)","0xFF6AEED7 (-9769257)","0xFF98B76A (  -6768790)","0xFF70AA4A (  -9393590)"
131,"betternether:nether_grasslands","0xFF714985 (-9352827)","0x006EB1FF (7254527)","0x003F76E4 (4159204)","0x00050533 (329011)","0xFFC8B650 (  -3623344)","0xFFB2A726 (  -5069018)"
132,"betternether:nether_jungle","0xFF3EA93D (-12670659)","0x006EB1FF (7254527)","0x003F76E4 (4159204)","0x00050533 (329011)","0xFFC8B650 (  -3623344)","0xFFB2A726 (  -5069018)"
133,"betternether:nether_mushroom_forest","0xFFA6265F (-5888417)","0x006EB1FF (7254527)","0x003F76E4 (4159204)","0x00050533 (329011)","0xFFC8B650 (  -3623344)","0xFFB2A726 (  -5069018)"
134,"betternether:nether_mushroom_forest_edge","0xFFC8799D (-3638883)","0x006EB1FF (7254527)","0x003F76E4 (4159204)","0x00050533 (329011)","0xFFC8B650 (  -3623344)","0xFFB2A726 (  -5069018)"
135,"betternether:nether_swampland","0xFF89134E (-7793842)","0x006EB1FF (7254527)","0x003F76E4 (4159204)","0x00050533 (329011)","0xFFC8B650 (  -3623344)","0xFFB2A726 (  -5069018)"
136,"betternether:nether_swampland_terraces","0xFF89134E (-7793842)","0x006EB1FF (7254527)","0x003F76E4 (4159204)","0x00050533 (329011)","0xFFC8B650 (  -3623344)","0xFFB2A726 (  -5069018)"
137,"minecraft:nether_wastes","0x00330808 (3344392)","0x006EB1FF (7254527)","0x003F76E4 (4159204)","0x00050533 (329011)","0xFFC8B650 (  -3623344)","0xFFB2A726 (  -5069018)"
138,"minecraft:ocean","0x00C0D8FF (12638463)","0x007BA4FF (8103167)","0x003F76E4 (4159204)","0x00050533 (329011)","0xFF98B76A (  -6768790)","0xFF70AA4A (  -9393590)"
139,"betternether:old_fungiwoods","0xFFA6265F (-5888417)","0x006EB1FF (7254527)","0x003F76E4 (4159204)","0x00050533 (329011)","0xFFC8B650 (  -3623344)","0xFFB2A726 (  -5069018)"
140,"minecraft:old_growth_birch_forest","0x00C0D8FF (12638463)","0x007AA5FF (8037887)","0x003F76E4 (4159204)","0x00050533 (329011)","0xFF92B95F (  -7161505)","0xFF69AC3C (  -9851844)"
141,"minecraft:old_growth_pine_taiga","0x00C0D8FF (12638463)","0x007CA3FF (8168447)","0x003F76E4 (4159204)","0x00050533 (329011)","0xFF8FB576 (  -7359114)","0xFF67A75D (  -9984163)"
142,"minecraft:old_growth_spruce_taiga","0x00C0D8FF (12638463)","0x007DA3FF (8233983)","0x003F76E4 (4159204)","0x00050533 (329011)","0xFF8EB379 (  -7425159)","0xFF66A662 ( -10049950)"
143,"still_life:old_growth_temperate_forest","0x00C0D8FF (12638463)","0x006EB1FF (7254527)","0x0041636A (4285290)","0x000E181C (923676)","0x00849F55 (   8691541)","0x006FA14D (   7315789)"
144,"still_life:old_growth_tropical_rainforest","0x00C0D8FF (12638463)","0x0077A8FF (7842047)","0x0040785D (4225117)","0x000A1B13 (662291)","0x0076A13D (   7774525)","0x00719C36 (   7445558)"
145,"betternether:old_swampland","0xFF89134E (-7793842)","0x006EB1FF (7254527)","0x003F76E4 (4159204)","0x00050533 (329011)","0xFFC8B650 (  -3623344)","0xFFB2A726 (  -5069018)"
146,"betternether:old_warped_woods","0xFF1A051A (-15071974)","0x006EB1FF (7254527)","0x003F76E4 (4159204)","0x00050533 (329011)","0xFFC8B650 (  -3623344)","0xFFB2A726 (  -5069018)"
147,"betterend:painted_mountains","0xFFE2EFA8 (-1904728)","0x00000000 (0)","0xFFC0B483 (-4148093)","0xFFC0B483 (-4148093)","0xFF98B76A (  -6768790)","0xFF70AA4A (  -9393590)"
148,"still_life:pine_woods","0x00C0D8FF (12638463)","0x006EB1FF (7254527)","0x0041636A (4285290)","0x000E181C (923676)","0x00779955 (   7838037)","0x0076A052 (   7774290)"
149,"galosphere:pink_salt_caves","0x00C0D8FF (12638463)","0x007BA4FF (8103167)","0x003F76E4 (4159204)","0x00050533 (329011)","0xFF98B76A (  -6768790)","0xFF70AA4A (  -9393590)"
150,"minecraft:plains","0x00C0D8FF (12638463)","0x0078A7FF (7907327)","0x003F76E4 (4159204)","0x00050533 (329011)","0xFF9ABC53 (  -6636461)","0xFF77AF2B (  -8933589)"
151,"betternether:poor_nether_grasslands","0xFF714985 (-9352827)","0x006EB1FF (7254527)","0x003F76E4 (4159204)","0x00050533 (329011)","0xFFC8B650 (  -3623344)","0xFFB2A726 (  -5069018)"
152,"incendium:quartz_flats","0x00D1BFC8 (13746120)","0x00C2C2D0 (12763856)","0x003F76E4 (4159204)","0x00423E42 (4341314)","0x0076FF17 (   7798551)","0x0076FF17 (   7798551)"
153,"minecraft:river","0x00C0D8FF (12638463)","0x007BA4FF (8103167)","0x003F76E4 (4159204)","0x00050533 (329011)","0xFF98B76A (  -6768790)","0xFF70AA4A (  -9393590)"
154,"minecraft:savanna","0x00C0D8FF (12638463)","0x006EB1FF (7254527)","0x003F76E4 (4159204)","0x00050533 (329011)","0xFFC8B650 (  -3623344)","0xFFB2A726 (  -5069018)"
155,"still_life:savanna_beach","0x00C0D8FF (12638463)","0x0078A7FF (7907327)","0x0059C0C8 (5882056)","0x00041F33 (270131)","0x00D4D882 (  13949058)","0x00A5BD50 (  10861904)"
156,"still_life:savanna_highlands","0x00C0D8FF (12638463)","0x006EB1FF (7254527)","0x00477375 (4682613)","0x000A1C1E (662558)","0x00EFC98A (  15714698)","0x00ABAE62 (  11251298)"
157,"minecraft:savanna_plateau","0x00C0D8FF (12638463)","0x006EB1FF (7254527)","0x003F76E4 (4159204)","0x00050533 (329011)","0xFFC8B650 (  -3623344)","0xFFB2A726 (  -5069018)"
158,"still_life:savanna_river","0x00C0D8FF (12638463)","0x006EB1FF (7254527)","0x00477375 (4682613)","0x000A1C1E (662558)","0x00DBCB6E (  14404462)","0x00A5B350 (  10859344)"
159,"still_life:scorched_caves","0x00C0D8FF (12638463)","0x006EB1FF (7254527)","0x0041636A (4285290)","0x000E181C (923676)","0x0084AB55 (   8694613)","0x006FA14D (   7315789)"
160,"still_life:semiarid_desert","0x00C0D8FF (12638463)","0x006EB1FF (7254527)","0x00477375 (4682613)","0x000A1C1E (662558)","0x00F6D389 (  16176009)","0x00B1B374 (  11645812)"
161,"betterend:shadow_forest","0xFF000000 (-16777216)","0x00000000 (0)","0xFF2A2D50 (-14013104)","0xFF2A2D50 (-14013104)","0xFF2D2D2D ( -13816531)","0xFF2D2D2D ( -13816531)"
162,"nullscape:shadowlands","0x00A080A0 (10518688)","0x00000000 (0)","0x009883D5 (9995221)","0x00050533 (329011)","0x00A388D8 (  10717400)","0x004599D9 (   4561369)"
163,"still_life:shrub_steppe","0x00C0D8FF (12638463)","0x006EB1FF (7254527)","0x00627A7B (6453883)","0x000E181C (923676)","0x00C5BD7D (  12959101)","0x00A5A689 (  10856073)"
164,"minecraft:small_end_islands","0x00A080A0 (10518688)","0x00000000 (0)","0x003F76E4 (4159204)","0x00050533 (329011)","0xFF98B76A (  -6768790)","0xFF70AA4A (  -9393590)"
165,"still_life:snowy_barren_peaks","0x00C0D8FF (12638463)","0x006EB1FF (7254527)","0x00788050 (7897168)","0x0026291A (2500890)","0x00C1B17B (  12693883)","0x00A5A689 (  10856073)"
166,"minecraft:snowy_beach","0x00C0D8FF (12638463)","0x007FA1FF (8364543)","0x003D57D6 (4020182)","0x00050533 (329011)","0xFF8DB289 (  -7490935)","0xFF62A477 ( -10312585)"
167,"still_life:snowy_boreal_alpine_tundra","0x00C0D8FF (12638463)","0x006EB1FF (7254527)","0x00475966 (4675942)","0x000E181C (923676)","0x00B6A673 (  11970163)","0x00A1A155 (  10592597)"
168,"still_life:snowy_peaks","0x00C0D8FF (12638463)","0x006EB1FF (7254527)","0x00788050 (7897168)","0x0026291A (2500890)","0x00C1B17B (  12693883)","0x00A5A689 (  10856073)"
169,"minecraft:snowy_plains","0x00C0D8FF (12638463)","0x007FA1FF (8364543)","0x003F76E4 (4159204)","0x00050533 (329011)","0xFF8AB18D (  -7687795)","0xFF5EA37B ( -10574981)"
170,"minecraft:snowy_slopes","0x00C0D8FF (12638463)","0x00829FFF (8560639)","0x003F76E4 (4159204)","0x00050533 (329011)","0xFF8AB18D (  -7687795)","0xFF5EA37B ( -10574981)"
171,"minecraft:snowy_taiga","0x00C0D8FF (12638463)","0x00839EFF (8625919)","0x003D57D6 (4020182)","0x00050533 (329011)","0xFF8AB18D (  -7687795)","0xFF5EA37B ( -10574981)"
172,"still_life:snowy_tundra","0x00C0D8FF (12638463)","0x006EB1FF (7254527)","0x00324B67 (3296103)","0x001C204E (1843278)","0x00B48F73 (  11833203)","0x00A5B350 (  10859344)"
173,"betternether:soul_plain","0xFFC471EF (-3902993)","0x006EB1FF (7254527)","0x003F76E4 (4159204)","0x00050533 (329011)","0xFFC8B650 (  -3623344)","0xFFB2A726 (  -5069018)"
174,"minecraft:soul_sand_valley","0x001B4745 (1787717)","0x006EB1FF (7254527)","0x003F76E4 (4159204)","0x00050533 (329011)","0xFFC8B650 (  -3623344)","0xFFB2A726 (  -5069018)"
175,"minecraft:sparse_jungle","0x00C0D8FF (12638463)","0x0077A8FF (7842047)","0x003F76E4 (4159204)","0x00050533 (329011)","0xFF70C637 (  -9386441)","0xFF3BBD09 ( -12862199)"
176,"ae2:spatial_storage","0x00000000 (0)","0x00111111 (1118481)","0x003F76E4 (4159204)","0x00050533 (329011)","0xFF98B76A (  -6768790)","0xFF70AA4A (  -9393590)"
177,"still_life:steppe_river","0x00C0D8FF (12638463)","0x006EB1FF (7254527)","0x00627A7B (6453883)","0x000E181C (923676)","0x00C5C476 (  12960886)","0x00A5A689 (  10856073)"
178,"minecraft:stony_peaks","0x00C0D8FF (12638463)","0x0076A8FF (7776511)","0x003F76E4 (4159204)","0x00050533 (329011)","0xFFA2BD45 (  -6111931)","0xFF83B019 (  -8146919)"
179,"minecraft:stony_shore","0x00C0D8FF (12638463)","0x007DA2FF (8233727)","0x003F76E4 (4159204)","0x00050533 (329011)","0xFF93B37F (  -7097473)","0xFF6BA469 (  -9722775)"
180,"still_life:subtropical_deep_ocean","0x00C0D8FF (12638463)","0x007BA4FF (8103167)","0x004588BD (4556989)","0x00041633 (267827)","0xFF98B76A (  -6768790)","0xFF70AA4A (  -9393590)"
181,"still_life:subtropical_shallow_ocean","0x00C0D8FF (12638463)","0x007BA4FF (8103167)","0x004588BD (4556989)","0x00041633 (267827)","0x008AAB43 (   9087811)","0x00719C36 (   7445558)"
182,"betternether:sulfuric_bone_reef","0xFF9A9031 (-6647759)","0x006EB1FF (7254527)","0x003F76E4 (4159204)","0x00050533 (329011)","0xFFC8B650 (  -3623344)","0xFFB2A726 (  -5069018)"
183,"betterend:sulphur_springs","0xFFCFC23E (-3161538)","0x00000000 (0)","0xFF195A9D (-15115619)","0xFF1E413D (-14794435)","0xFF98B76A (  -6768790)","0xFF70AA4A (  -9393590)"
184,"minecraft:sunflower_plains","0x00C0D8FF (12638463)","0x0078A7FF (7907327)","0x003F76E4 (4159204)","0x00050533 (329011)","0xFF9ABC53 (  -6636461)","0xFF77AF2B (  -8933589)"
185,"minecraft:swamp","0x00C0D8FF (12638463)","0x0078A7FF (7907327)","0x00617B64 (6388580)","0x00232317 (2302743)","0x006A7039 (   6975545)","0x006A7039 (   6975545)"
186,"minecraft:taiga","0x00C0D8FF (12638463)","0x007DA3FF (8233983)","0x003F76E4 (4159204)","0x00050533 (329011)","0xFF8EB379 (  -7425159)","0xFF66A662 ( -10049950)"
187,"still_life:taiga_beach","0x00C0D8FF (12638463)","0x0078A7FF (7907327)","0x00445B77 (4479863)","0x00000C1C (3100)","0x009FB16C (  10465644)","0x00798B46 (   7965510)"
188,"still_life:taiga_highlands","0x00C0D8FF (12638463)","0x006EB1FF (7254527)","0x00475966 (4675942)","0x000E181C (923676)","0x0098A15F (  10002783)","0x00798B46 (   7965510)"
189,"still_life:temperate_beach","0x00C0D8FF (12638463)","0x0078A7FF (7907327)","0x004C6B97 (5008279)","0x00000C1C (3100)","0x00A5C06D (  10862701)","0x0082AC5C (   8563804)"
190,"still_life:temperate_deep_ocean","0x00C0D8FF (12638463)","0x007BA4FF (8103167)","0x004C6B97 (5008279)","0x00000C1C (3100)","0x0096BD60 (   9878880)","0x0082AC5C (   8563804)"
191,"still_life:temperate_forest","0x00C0D8FF (12638463)","0x006EB1FF (7254527)","0x0041636A (4285290)","0x000E181C (923676)","0x0084AB55 (   8694613)","0x006FA14D (   7315789)"
192,"still_life:temperate_marsh","0x00C0D8FF (12638463)","0x006EB1FF (7254527)","0x005B775E (5994334)","0x0026291A (2500890)","0x009FB86F (  10467439)","0x0088AC63 (   8957027)"
193,"still_life:temperate_mixed_forest","0x00C0D8FF (12638463)","0x006EB1FF (7254527)","0x0041636A (4285290)","0x000E181C (923676)","0x007C9F55 (   8167253)","0x0076A052 (   7774290)"
194,"still_life:temperate_river","0x00C0D8FF (12638463)","0x006EB1FF (7254527)","0x0041636A (4285290)","0x000E181C (923676)","0x0084AB55 (   8694613)","0x00638E46 (   6524486)"
195,"still_life:temperate_shallow_ocean","0x00C0D8FF (12638463)","0x007BA4FF (8103167)","0x004C6B97 (5008279)","0x00000C1C (3100)","0x0096BD60 (   9878880)","0x0082AC5C (   8563804)"
196,"still_life:temperate_swamp","0x00C0D8FF (12638463)","0x006EB1FF (7254527)","0x00475F3E (4677438)","0x00203D25 (2112805)","0x005E6D3E (   6188350)","0x0074884E (   7637070)"
197,"minecraft:the_end","0x00A080A0 (10518688)","0x00000000 (0)","0x003F76E4 (4159204)","0x00050533 (329011)","0xFF98B76A (  -6768790)","0xFF70AA4A (  -9393590)"
198,"minecraft:the_void","0x00C0D8FF (12638463)","0x007BA4FF (8103167)","0x003F76E4 (4159204)","0x00050533 (329011)","0xFF98B76A (  -6768790)","0xFF70AA4A (  -9393590)"
199,"incendium:toxic_heap","0x006F7234 (7303732)","0x006EB1FF (7254527)","0x003F76E4 (4159204)","0x00050533 (329011)","0xFFC8B650 (  -3623344)","0xFFB2A726 (  -5069018)"
200,"still_life:tropical_beach","0x00C0D8FF (12638463)","0x0078A7FF (7907327)","0x0059C0C8 (5882056)","0x00041F33 (270131)","0x00A0BC5A (  10533978)","0x00719C36 (   7445558)"
201,"still_life:tropical_deep_ocean","0x00C0D8FF (12638463)","0x007BA4FF (8103167)","0x0045ADF2 (4566514)","0x00041633 (267827)","0xFF98B76A (  -6768790)","0xFF70AA4A (  -9393590)"
202,"still_life:tropical_dry_forest","0x00C0D8FF (12638463)","0x0077A8FF (7842047)","0x00477375 (4682613)","0x000A1C1E (662558)","0x00B5B564 (  11908452)","0x00819E2F (   8494639)"
203,"still_life:tropical_highlands","0x00C0D8FF (12638463)","0x0077A8FF (7842047)","0x0040785D (4225117)","0x000A1B13 (662291)","0x00A3C667 (  10733159)","0x007B9C42 (   8100930)"
204,"still_life:tropical_rainforest","0x00C0D8FF (12638463)","0x0077A8FF (7842047)","0x0040785D (4225117)","0x000A1B13 (662291)","0x008BB346 (   9155398)","0x00719C36 (   7445558)"
205,"still_life:tropical_rainforest_river","0x00C0D8FF (12638463)","0x0077A8FF (7842047)","0x0040785D (4225117)","0x000A1B13 (662291)","0x008BB346 (   9155398)","0x00719C36 (   7445558)"
206,"still_life:tropical_shallow_ocean","0x00C0D8FF (12638463)","0x007BA4FF (8103167)","0x0059C0C8 (5882056)","0x00041F33 (270131)","0x008AAB43 (   9087811)","0x00719C36 (   7445558)"
207,"still_life:tropical_wetlands","0x00C0D8FF (12638463)","0x0077A8FF (7842047)","0x0040785D (4225117)","0x000A1B13 (662291)","0x008AAB43 (   9087811)","0x00719C36 (   7445558)"
208,"still_life:tundra_beach","0x00C0D8FF (12638463)","0x0078A7FF (7907327)","0x00445B77 (4479863)","0x00000C1C (3100)","0x00AEA96F (  11446639)","0x00C8B23F (  13152831)"
209,"still_life:tundra_river","0x00C0D8FF (12638463)","0x006EB1FF (7254527)","0x00324B67 (3296103)","0x001C204E (1843278)","0x00AEA96F (  11446639)","0x00B97346 (  12153670)"
210,"betterend:umbra_valley","0xFF646464 (-10197916)","0x00000000 (0)","0xFF456886 (-12228474)","0xFF456886 (-12228474)","0xFFACBDBE (  -5456450)","0xFFACBDBE (  -5456450)"
211,"betterend:umbrella_jungle","0xFF57DFDD (-11018275)","0x00000000 (0)","0xFF77C6FD (-8927491)","0xFF77C6FD (-8927491)","0xFF98B76A (  -6768790)","0xFF1BB7C2 ( -14960702)"
212,"betternether:upside_down_forest","0xFF6FBC6F (-9454481)","0x006EB1FF (7254527)","0x003F76E4 (4159204)","0x00050533 (329011)","0xFFC8B650 (  -3623344)","0xFFB2A726 (  -5069018)"
213,"betternether:upside_down_forest_cleared","0xFF6FBC79 (-9454471)","0x006EB1FF (7254527)","0x003F76E4 (4159204)","0x00050533 (329011)","0xFFC8B650 (  -3623344)","0xFFB2A726 (  -5069018)"
214,"nullscape:void_barrens","0x00A080A0 (10518688)","0x00000000 (0)","0x009883D5 (9995221)","0x00050533 (329011)","0x00A388D8 (  10717400)","0x004599D9 (   4561369)"
215,"incendium:volcanic_deltas","0x007D5C62 (8215650)","0x006EB1FF (7254527)","0x005D5362 (6116194)","0x00423E42 (4341314)","0xFFC8B650 (  -3623344)","0xFFB2A726 (  -5069018)"
216,"minecraft:warm_ocean","0x00C0D8FF (12638463)","0x007BA4FF (8103167)","0x0043D5EE (4445678)","0x00041F33 (270131)","0xFF98B76A (  -6768790)","0xFF70AA4A (  -9393590)"
217,"still_life:warm_temperate_clearings","0x00C0D8FF (12638463)","0x006EB1FF (7254527)","0x0047696D (4680045)","0x000E181C (923676)","0x00AFBD60 (  11517280)","0x0091AD49 (   9547081)"
218,"still_life:warm_temperate_river","0x00C0D8FF (12638463)","0x006EB1FF (7254527)","0x0047696D (4680045)","0x000E181C (923676)","0x00AFBD60 (  11517280)","0x0091AD49 (   9547081)"
219,"still_life:warm_temperate_woodlands","0x00C0D8FF (12638463)","0x006EB1FF (7254527)","0x0047696D (4680045)","0x000E181C (923676)","0x00AAB660 (  11187808)","0x0091AD49 (   9547081)"
220,"minecraft:warped_forest","0x001A051A (1705242)","0x006EB1FF (7254527)","0x003F76E4 (4159204)","0x00050533 (329011)","0xFFC8B650 (  -3623344)","0xFFB2A726 (  -5069018)"
221,"betternether:wart_forest","0xFF970606 (-6879738)","0x006EB1FF (7254527)","0x003F76E4 (4159204)","0x00050533 (329011)","0xFFC8B650 (  -3623344)","0xFFB2A726 (  -5069018)"
222,"betternether:wart_forest_edge","0xFFBF1C1C (-4252644)","0x006EB1FF (7254527)","0x003F76E4 (4159204)","0x00050533 (329011)","0xFFC8B650 (  -3623344)","0xFFB2A726 (  -5069018)"
223,"incendium:weeping_valley","0x0033261F (3352095)","0x006EB1FF (7254527)","0x003F76E4 (4159204)","0x00050533 (329011)","0xFFC8B650 (  -3623344)","0xFFB2A726 (  -5069018)"
224,"minecraft:windswept_forest","0x00C0D8FF (12638463)","0x007DA2FF (8233727)","0x003F76E4 (4159204)","0x00050533 (329011)","0xFF93B37F (  -7097473)","0xFF6BA469 (  -9722775)"
225,"minecraft:windswept_gravelly_hills","0x00C0D8FF (12638463)","0x007DA2FF (8233727)","0x003F76E4 (4159204)","0x00050533 (329011)","0xFF93B37F (  -7097473)","0xFF6BA469 (  -9722775)"
226,"minecraft:windswept_hills","0x00C0D8FF (12638463)","0x007DA2FF (8233727)","0x003F76E4 (4159204)","0x00050533 (329011)","0xFF93B37F (  -7097473)","0xFF6BA469 (  -9722775)"
227,"minecraft:windswept_savanna","0x00C0D8FF (12638463)","0x006EB1FF (7254527)","0x003F76E4 (4159204)","0x00050533 (329011)","0xFFC8B650 (  -3623344)","0xFFB2A726 (  -5069018)"
228,"incendium:withered_forest","0x00211B2A (2169642)","0x00C2C2D0 (12763856)","0x003F76E4 (4159204)","0x00423E42 (4341314)","0xFFC8B650 (  -3623344)","0x007F848C (   8357004)"
229,"minecraft:wooded_badlands","0x00C0D8FF (12638463)","0x006EB1FF (7254527)","0x003F76E4 (4159204)","0x00050533 (329011)","0x0090814D (   9470285)","0x009E814D (  10387789)"
230,"still_life:wooded_highlands","0x00C0D8FF (12638463)","0x006EB1FF (7254527)","0x00476C79 (4680825)","0x000E181C (923676)","0x00869561 (   8820065)","0x0092A15C (   9609564)"
231,"still_life:wooded_mediterranean_steppe","0x00C0D8FF (12638463)","0x006EB1FF (7254527)","0x0047696D (4680045)","0x000E181C (923676)","0x00E1C781 (  14796673)","0x00A39660 (  10720864)"
232,"still_life:wooded_savanna","0x00C0D8FF (12638463)","0x006EB1FF (7254527)","0x00477375 (4682613)","0x000A1C1E (662558)","0x00DFD482 (  14668930)","0x00A5B350 (  10859344)"
233,"still_life:wooded_semiarid_desert","0x00C0D8FF (12638463)","0x006EB1FF (7254527)","0x00477375 (4682613)","0x000A1C1E (662558)","0x00F6D389 (  16176009)","0x00ABAD5C (  11251036)"
234,"still_life:wooded_tundra","0x00C0D8FF (12638463)","0x006EB1FF (7254527)","0x00324B67 (3296103)","0x001C204E (1843278)","0x00A2A563 (  10659171)","0x00C8B23F (  13152831)"
235,"still_life:xeric_shrubland","0x00C0D8FF (12638463)","0x006EB1FF (7254527)","0x00477375 (4682613)","0x000A1C1E (662558)","0x00FBDF9E (  16506782)","0x00B1B374 (  11645812)"
