"Registry name","Name","Max lvl","Target","Rarity","ID"
"betterend:end_veil","enchantment.betterend.end_veil","1","ARMOR_HEAD","VERY_RARE (1)",41
"betternether:obsidian_breaker","enchantment.betternether.obsidian_breaker","3","DIGGER","VERY_RARE (1)",39
"betternether:ruby_fire","enchantment.betternether.ruby_fire","1","BREAKABLE","VERY_RARE (1)",40
"combatroll:acrobat","enchantment.combatroll.acrobat","10","WEARABLE","RARE (2)",43
"combatroll:longfooted","enchantment.combatroll.longfooted","5","ARMOR_FEET","RARE (2)",42
"combatroll:multi_roll","enchantment.combatroll.multi_roll","4","ARMOR_HEAD","VERY_RARE (1)",44
"farmersdelight:backstabbing","enchantment.farmersdelight.backstabbing","3","WEAPON","UNCOMMON (5)",45
"galosphere:enfeeble","enchantment.galosphere.enfeeble","1","GALOSPHERE_SALTBOUND_TABLET","VERY_RARE (1)",46
"galosphere:rupture","enchantment.galosphere.rupture","3","GALOSPHERE_SALTBOUND_TABLET","VERY_RARE (1)",48
"galosphere:sifting","enchantment.galosphere.sifting","3","GALOSPHERE_BRUSH","VERY_RARE (1)",49
"galosphere:sustain","enchantment.galosphere.sustain","3","GALOSPHERE_SALTBOUND_TABLET","VERY_RARE (1)",47
"grapplemod:double_jump","enchantment.grapplemod.double_jump","1","ARMOR_FEET","RARE (2)",51
"grapplemod:sliding","enchantment.grapplemod.sliding","1","ARMOR_FEET","UNCOMMON (5)",52
"grapplemod:wall_running","enchantment.grapplemod.wall_running","1","ARMOR_FEET","RARE (2)",50
"minecraft:aqua_affinity","enchantment.minecraft.aqua_affinity","1","ARMOR_HEAD","RARE (2)",6
"minecraft:bane_of_arthropods","enchantment.minecraft.bane_of_arthropods","5","WEAPON","UNCOMMON (5)",15
"minecraft:binding_curse","enchantment.minecraft.binding_curse","1","WEARABLE","VERY_RARE (1)",10
"minecraft:blast_protection","enchantment.minecraft.blast_protection","4","ARMOR","RARE (2)",3
"minecraft:channeling","enchantment.minecraft.channeling","1","TRIDENT","VERY_RARE (1)",33
"minecraft:depth_strider","enchantment.minecraft.depth_strider","3","ARMOR_FEET","RARE (2)",8
"minecraft:efficiency","enchantment.minecraft.efficiency","5","DIGGER","COMMON (10)",20
"minecraft:feather_falling","enchantment.minecraft.feather_falling","4","ARMOR_FEET","UNCOMMON (5)",2
"minecraft:fire_aspect","enchantment.minecraft.fire_aspect","2","WEAPON","RARE (2)",17
"minecraft:fire_protection","enchantment.minecraft.fire_protection","4","ARMOR","UNCOMMON (5)",1
"minecraft:flame","enchantment.minecraft.flame","1","BOW","RARE (2)",26
"minecraft:fortune","enchantment.minecraft.fortune","3","DIGGER","RARE (2)",23
"minecraft:frost_walker","enchantment.minecraft.frost_walker","2","ARMOR_FEET","RARE (2)",9
"minecraft:impaling","enchantment.minecraft.impaling","5","TRIDENT","RARE (2)",31
"minecraft:infinity","enchantment.minecraft.infinity","1","BOW","VERY_RARE (1)",27
"minecraft:knockback","enchantment.minecraft.knockback","2","WEAPON","UNCOMMON (5)",16
"minecraft:looting","enchantment.minecraft.looting","3","WEAPON","RARE (2)",18
"minecraft:loyalty","enchantment.minecraft.loyalty","3","TRIDENT","UNCOMMON (5)",30
"minecraft:luck_of_the_sea","enchantment.minecraft.luck_of_the_sea","3","FISHING_ROD","RARE (2)",28
"minecraft:lure","enchantment.minecraft.lure","3","FISHING_ROD","RARE (2)",29
"minecraft:mending","enchantment.minecraft.mending","1","BREAKABLE","RARE (2)",37
"minecraft:multishot","enchantment.minecraft.multishot","1","CROSSBOW","RARE (2)",34
"minecraft:piercing","enchantment.minecraft.piercing","4","CROSSBOW","COMMON (10)",36
"minecraft:power","enchantment.minecraft.power","5","BOW","COMMON (10)",24
"minecraft:projectile_protection","enchantment.minecraft.projectile_protection","4","ARMOR","UNCOMMON (5)",4
"minecraft:protection","enchantment.minecraft.protection","4","ARMOR","COMMON (10)",0
"minecraft:punch","enchantment.minecraft.punch","2","BOW","RARE (2)",25
"minecraft:quick_charge","enchantment.minecraft.quick_charge","3","CROSSBOW","UNCOMMON (5)",35
"minecraft:respiration","enchantment.minecraft.respiration","3","ARMOR_HEAD","RARE (2)",5
"minecraft:riptide","enchantment.minecraft.riptide","3","TRIDENT","RARE (2)",32
"minecraft:sharpness","enchantment.minecraft.sharpness","5","WEAPON","COMMON (10)",13
"minecraft:silk_touch","enchantment.minecraft.silk_touch","1","DIGGER","VERY_RARE (1)",21
"minecraft:smite","enchantment.minecraft.smite","5","WEAPON","UNCOMMON (5)",14
"minecraft:soul_speed","enchantment.minecraft.soul_speed","3","ARMOR_FEET","VERY_RARE (1)",11
"minecraft:sweeping","enchantment.minecraft.sweeping","3","WEAPON","RARE (2)",19
"minecraft:swift_sneak","enchantment.minecraft.swift_sneak","3","ARMOR_LEGS","VERY_RARE (1)",12
"minecraft:thorns","enchantment.minecraft.thorns","3","ARMOR_CHEST","VERY_RARE (1)",7
"minecraft:unbreaking","enchantment.minecraft.unbreaking","3","BREAKABLE","UNCOMMON (5)",22
"minecraft:vanishing_curse","enchantment.minecraft.vanishing_curse","1","VANISHABLE","VERY_RARE (1)",38
"more_rpg_classes:elemental","enchantment.more_rpg_classes.elemental","5","BREAKABLE","COMMON (10)",54
"passablefoliage:leaf_walker","enchantment.passablefoliage.leaf_walker","1","ARMOR_FEET","COMMON (10)",53
"shield_overhaul:vigor","enchantment.shield_overhaul.vigor","3","BREAKABLE","RARE (2)",55
"spell_engine:spell_infinity","enchantment.spell_engine.spell_infinity","1","BREAKABLE","VERY_RARE (1)",56
"spell_power:critical_chance","enchantment.spell_power.critical_chance","5","BREAKABLE","UNCOMMON (5)",58
"spell_power:critical_damage","enchantment.spell_power.critical_damage","5","BREAKABLE","UNCOMMON (5)",59
"spell_power:energize","enchantment.spell_power.energize","5","BREAKABLE","RARE (2)",62
"spell_power:haste","enchantment.spell_power.haste","5","BREAKABLE","RARE (2)",57
"spell_power:magic_protection","enchantment.spell_power.magic_protection","4","ARMOR","RARE (2)",60
"spell_power:soulfrost","enchantment.spell_power.soulfrost","5","BREAKABLE","RARE (2)",64
"spell_power:spell_power","enchantment.spell_power.spell_power","5","BREAKABLE","UNCOMMON (5)",63
"spell_power:sunfire","enchantment.spell_power.sunfire","5","BREAKABLE","RARE (2)",61
"supplementaries:stasis","enchantment.supplementaries.stasis","1","CROSSBOW","VERY_RARE (1)",65
"veinmining:vein_mining","enchantment.veinmining.vein_mining","1","DIGGER","RARE (2)",66
"walljump:double_jump","enchantment.walljump.double_jump","2","ARMOR_FEET","RARE (2)",68
"walljump:speed_boost","enchantment.walljump.speed_boost","3","ARMOR_FEET","RARE (2)",69
"walljump:wall_jump","enchantment.walljump.wall_jump","1","ARMOR_FEET","UNCOMMON (5)",67
