"Mod name","Registry name","Entity class name","ID"
"Minecraft","minecraft:allay","net.minecraft.class_7298",0
"Minecraft","minecraft:area_effect_cloud","net.minecraft.class_1295",1
"Minecraft","minecraft:armor_stand","net.minecraft.class_1531",2
"Minecraft","minecraft:arrow","net.minecraft.class_1667",3
"Minecraft","minecraft:axolotl","net.minecraft.class_5762",4
"Minecraft","minecraft:bat","net.minecraft.class_1420",5
"Minecraft","minecraft:bee","net.minecraft.class_4466",6
"Minecraft","minecraft:blaze","net.minecraft.class_1545",7
"Minecraft","minecraft:block_display","net.minecraft.class_8113$class_8115",8
"Minecraft","minecraft:boat","net.minecraft.class_1690",9
"Minecraft","minecraft:camel","net.minecraft.class_7689",10
"Minecraft","minecraft:cat","net.minecraft.class_1451",11
"Minecraft","minecraft:cave_spider","net.minecraft.class_1549",12
"Minecraft","minecraft:chest_boat","net.minecraft.class_7264",13
"Minecraft","minecraft:chest_minecart","net.minecraft.class_1694",14
"Minecraft","minecraft:chicken","net.minecraft.class_1428",15
"Minecraft","minecraft:cod","net.minecraft.class_1431",16
"Minecraft","minecraft:command_block_minecart","net.minecraft.class_1697",17
"Minecraft","minecraft:cow","net.minecraft.class_1430",18
"Minecraft","minecraft:creeper","net.minecraft.class_1548",19
"Minecraft","minecraft:dolphin","net.minecraft.class_1433",20
"Minecraft","minecraft:donkey","net.minecraft.class_1495",21
"Minecraft","minecraft:dragon_fireball","net.minecraft.class_1670",22
"Minecraft","minecraft:drowned","net.minecraft.class_1551",23
"Minecraft","minecraft:egg","net.minecraft.class_1681",24
"Minecraft","minecraft:elder_guardian","net.minecraft.class_1550",25
"Minecraft","minecraft:end_crystal","net.minecraft.class_1511",26
"Minecraft","minecraft:ender_dragon","net.minecraft.class_1510",27
"Minecraft","minecraft:ender_pearl","net.minecraft.class_1684",28
"Minecraft","minecraft:enderman","net.minecraft.class_1560",29
"Minecraft","minecraft:endermite","net.minecraft.class_1559",30
"Minecraft","minecraft:evoker","net.minecraft.class_1564",31
"Minecraft","minecraft:evoker_fangs","net.minecraft.class_1669",32
"Minecraft","minecraft:experience_bottle","net.minecraft.class_1683",33
"Minecraft","minecraft:experience_orb","net.minecraft.class_1303",34
"Minecraft","minecraft:eye_of_ender","net.minecraft.class_1672",35
"Minecraft","minecraft:falling_block","net.minecraft.class_1540",36
"Minecraft","minecraft:fireball","net.minecraft.class_1674",57
"Minecraft","minecraft:firework_rocket","net.minecraft.class_1671",37
"Minecraft","minecraft:fishing_bobber","net.minecraft.class_1536",123
"Minecraft","minecraft:fox","net.minecraft.class_4019",38
"Minecraft","minecraft:frog","net.minecraft.class_7102",39
"Minecraft","minecraft:furnace_minecart","net.minecraft.class_1696",40
"Minecraft","minecraft:ghast","net.minecraft.class_1571",41
"Minecraft","minecraft:giant","net.minecraft.class_1570",42
"Minecraft","minecraft:glow_item_frame","net.minecraft.class_5915",43
"Minecraft","minecraft:glow_squid","net.minecraft.class_5776",44
"Minecraft","minecraft:goat","net.minecraft.class_6053",45
"Minecraft","minecraft:guardian","net.minecraft.class_1577",46
"Minecraft","minecraft:hoglin","net.minecraft.class_4760",47
"Minecraft","minecraft:hopper_minecart","net.minecraft.class_1700",48
"Minecraft","minecraft:horse","net.minecraft.class_1498",49
"Minecraft","minecraft:husk","net.minecraft.class_1576",50
"Minecraft","minecraft:illusioner","net.minecraft.class_1581",51
"Minecraft","minecraft:interaction","net.minecraft.class_8150",52
"Minecraft","minecraft:iron_golem","net.minecraft.class_1439",53
"Minecraft","minecraft:item","net.minecraft.class_1542",54
"Minecraft","minecraft:item_display","net.minecraft.class_8113$class_8122",55
"Minecraft","minecraft:item_frame","net.minecraft.class_1533",56
"Minecraft","minecraft:leash_knot","net.minecraft.class_1532",58
"Minecraft","minecraft:lightning_bolt","net.minecraft.class_1538",59
"Minecraft","minecraft:llama","net.minecraft.class_1501",60
"Minecraft","minecraft:llama_spit","net.minecraft.class_1673",61
"Minecraft","minecraft:magma_cube","net.minecraft.class_1589",62
"Minecraft","minecraft:marker","net.minecraft.class_6335",63
"Minecraft","minecraft:minecart","net.minecraft.class_1695",64
"Minecraft","minecraft:mooshroom","net.minecraft.class_1438",65
"Minecraft","minecraft:mule","net.minecraft.class_1500",66
"Minecraft","minecraft:ocelot","net.minecraft.class_3701",67
"Minecraft","minecraft:painting","net.minecraft.class_1534",68
"Minecraft","minecraft:panda","net.minecraft.class_1440",69
"Minecraft","minecraft:parrot","net.minecraft.class_1453",70
"Minecraft","minecraft:phantom","net.minecraft.class_1593",71
"Minecraft","minecraft:pig","net.minecraft.class_1452",72
"Minecraft","minecraft:piglin","net.minecraft.class_4836",73
"Minecraft","minecraft:piglin_brute","net.minecraft.class_5419",74
"Minecraft","minecraft:pillager","net.minecraft.class_1604",75
"Minecraft","minecraft:player","?",122
"Minecraft","minecraft:polar_bear","net.minecraft.class_1456",76
"Minecraft","minecraft:potion","net.minecraft.class_1686",77
"Minecraft","minecraft:pufferfish","net.minecraft.class_1454",78
"Minecraft","minecraft:rabbit","net.minecraft.class_1463",79
"Minecraft","minecraft:ravager","net.minecraft.class_1584",80
"Minecraft","minecraft:salmon","net.minecraft.class_1462",81
"Minecraft","minecraft:sheep","net.minecraft.class_1472",82
"Minecraft","minecraft:shulker","net.minecraft.class_1606",83
"Minecraft","minecraft:shulker_bullet","net.minecraft.class_1678",84
"Minecraft","minecraft:silverfish","net.minecraft.class_1614",85
"Minecraft","minecraft:skeleton","net.minecraft.class_1613",86
"Minecraft","minecraft:skeleton_horse","net.minecraft.class_1506",87
"Minecraft","minecraft:slime","net.minecraft.class_1621",88
"Minecraft","minecraft:small_fireball","net.minecraft.class_1677",89
"Minecraft","minecraft:sniffer","net.minecraft.class_8153",90
"Minecraft","minecraft:snow_golem","net.minecraft.class_1473",91
"Minecraft","minecraft:snowball","net.minecraft.class_1680",92
"Minecraft","minecraft:spawner_minecart","net.minecraft.class_1699",93
"Minecraft","minecraft:spectral_arrow","net.minecraft.class_1679",94
"Minecraft","minecraft:spider","net.minecraft.class_1628",95
"Minecraft","minecraft:squid","net.minecraft.class_1477",96
"Minecraft","minecraft:stray","net.minecraft.class_1627",97
"Minecraft","minecraft:strider","net.minecraft.class_4985",98
"Minecraft","minecraft:tadpole","net.minecraft.class_7110",99
"Minecraft","minecraft:text_display","net.minecraft.class_8113$class_8123",100
"Minecraft","minecraft:tnt","net.minecraft.class_1541",101
"Minecraft","minecraft:tnt_minecart","net.minecraft.class_1701",102
"Minecraft","minecraft:trader_llama","net.minecraft.class_3986",103
"Minecraft","minecraft:trident","net.minecraft.class_1685",104
"Minecraft","minecraft:tropical_fish","net.minecraft.class_1474",105
"Minecraft","minecraft:turtle","net.minecraft.class_1481",106
"Minecraft","minecraft:vex","net.minecraft.class_1634",107
"Minecraft","minecraft:villager","net.minecraft.class_1646",108
"Minecraft","minecraft:vindicator","net.minecraft.class_1632",109
"Minecraft","minecraft:wandering_trader","net.minecraft.class_3989",110
"Minecraft","minecraft:warden","net.minecraft.class_7260",111
"Minecraft","minecraft:witch","net.minecraft.class_1640",112
"Minecraft","minecraft:wither","net.minecraft.class_1528",113
"Minecraft","minecraft:wither_skeleton","net.minecraft.class_1639",114
"Minecraft","minecraft:wither_skull","net.minecraft.class_1687",115
"Minecraft","minecraft:wolf","net.minecraft.class_1493",116
"Minecraft","minecraft:zoglin","net.minecraft.class_5136",117
"Minecraft","minecraft:zombie","net.minecraft.class_1642",118
"Minecraft","minecraft:zombie_horse","net.minecraft.class_1507",119
"Minecraft","minecraft:zombie_villager","net.minecraft.class_1641",120
"Minecraft","minecraft:zombified_piglin","net.minecraft.class_1590",121
"Unknown","ae2:tiny_tnt_primed","appeng.entity.TinyTNTPrimedEntity",496
"Unknown","amendments:falling_lantern","net.mehvahdjukaar.amendments.common.entity.FallingLanternEntity",500
"Unknown","amendments:medium_dragon_fireball","net.mehvahdjukaar.amendments.common.entity.MediumDragonFireball",497
"Unknown","amendments:medium_fireball","net.mehvahdjukaar.amendments.common.entity.MediumFireball",498
"Unknown","amendments:ring_effect_cloud","net.mehvahdjukaar.amendments.common.entity.RingEffectCloud",499
"Unknown","artifacts:mimic","artifacts.entity.MimicEntity",130
"Unknown","bclib:chair","org.betterx.bclib.furniture.entity.EntityChair",131
"Unknown","betterend:cubozoa","org.betterx.betterend.entity.CubozoaEntity",136
"Unknown","betterend:dragonfly","org.betterx.betterend.entity.DragonflyEntity",132
"Unknown","betterend:end_fish","org.betterx.betterend.entity.EndFishEntity",134
"Unknown","betterend:end_slime","org.betterx.betterend.entity.EndSlimeEntity",133
"Unknown","betterend:shadow_walker","org.betterx.betterend.entity.ShadowWalkerEntity",135
"Unknown","betterend:silk_moth","org.betterx.betterend.entity.SilkMothEntity",137
"Unknown","betternether:firefly","org.betterx.betternether.entity.EntityFirefly",124
"Unknown","betternether:flying_pig","org.betterx.betternether.entity.EntityFlyingPig",127
"Unknown","betternether:hydrogen_jellyfish","org.betterx.betternether.entity.EntityHydrogenJellyfish",125
"Unknown","betternether:jungle_skeleton","org.betterx.betternether.entity.EntityJungleSkeleton",128
"Unknown","betternether:naga","org.betterx.betternether.entity.EntityNaga",126
"Unknown","betternether:naga_projectile","org.betterx.betternether.entity.EntityNagaProjectile",138
"Unknown","betternether:skull","org.betterx.betternether.entity.EntitySkull",129
"Unknown","bloomingnature:mod_boat","net.satisfy.bloomingnature.core.entity.ModBoatEntity",139
"Unknown","bloomingnature:mod_chest_boat","net.satisfy.bloomingnature.core.entity.ModChestBoatEntity",140
"Unknown","bloomingnature:termite","net.satisfy.bloomingnature.core.entity.TermiteEntity",142
"Unknown","bloomingnature:wandering_gardener","net.satisfy.bloomingnature.core.entity.WanderingGardenerEntity",141
"Unknown","brewery:beer_elemental","net.satisfy.brewery.core.entity.BeerElementalEntity",147
"Unknown","brewery:beer_elemental_attack","net.satisfy.brewery.core.entity.BeerElementalAttackEntity",148
"Unknown","brewery:dark_brew","net.satisfy.brewery.core.entity.DarkBrewEntity",143
"Unknown","brewery:hanging_rope","net.satisfy.brewery.core.block.entity.rope.HangingRopeEntity",146
"Unknown","brewery:rope_collision","net.satisfy.brewery.core.block.entity.rope.RopeCollisionEntity",145
"Unknown","brewery:rope_knot","net.satisfy.brewery.core.block.entity.rope.RopeKnotEntity",144
"Unknown","camerapture:picture_frame","me.chrr.camerapture.entity.PictureFrameEntity",149
"Unknown","connectiblechains:chain_collision","com.github.legoatoom.connectiblechains.entity.ChainCollisionEntity",151
"Unknown","connectiblechains:chain_knot","com.github.legoatoom.connectiblechains.entity.ChainKnotEntity",150
"Unknown","creeperoverhaul:badlands_creeper","tech.thatgravyboat.creeperoverhaul.common.entity.base.BaseCreeper",155
"Unknown","creeperoverhaul:bamboo_creeper","tech.thatgravyboat.creeperoverhaul.common.entity.base.NeutralCreeper",153
"Unknown","creeperoverhaul:beach_creeper","tech.thatgravyboat.creeperoverhaul.common.entity.base.BaseCreeper",164
"Unknown","creeperoverhaul:cave_creeper","tech.thatgravyboat.creeperoverhaul.common.entity.base.BaseCreeper",161
"Unknown","creeperoverhaul:dark_oak_creeper","tech.thatgravyboat.creeperoverhaul.common.entity.base.BaseCreeper",162
"Unknown","creeperoverhaul:desert_creeper","tech.thatgravyboat.creeperoverhaul.common.entity.base.BaseCreeper",154
"Unknown","creeperoverhaul:dripstone_creeper","tech.thatgravyboat.creeperoverhaul.common.entity.base.BaseCreeper",160
"Unknown","creeperoverhaul:hills_creeper","tech.thatgravyboat.creeperoverhaul.common.entity.base.NeutralCreeper",156
"Unknown","creeperoverhaul:jungle_creeper","tech.thatgravyboat.creeperoverhaul.common.entity.base.BaseCreeper",152
"Unknown","creeperoverhaul:mushroom_creeper","tech.thatgravyboat.creeperoverhaul.common.entity.base.PassiveCreeper",158
"Unknown","creeperoverhaul:ocean_creeper","tech.thatgravyboat.creeperoverhaul.common.entity.custom.PufferfishCreeper",166
"Unknown","creeperoverhaul:savannah_creeper","tech.thatgravyboat.creeperoverhaul.common.entity.base.NeutralCreeper",157
"Unknown","creeperoverhaul:snowy_creeper","tech.thatgravyboat.creeperoverhaul.common.entity.base.NeutralCreeper",165
"Unknown","creeperoverhaul:spruce_creeper","tech.thatgravyboat.creeperoverhaul.common.entity.base.BaseCreeper",163
"Unknown","creeperoverhaul:swamp_creeper","tech.thatgravyboat.creeperoverhaul.common.entity.base.BaseCreeper",159
"Unknown","crittersandcompanions:dragonfly","com.github.eterdelta.crittersandcompanions.entity.DragonflyEntity",167
"Unknown","crittersandcompanions:dumbo_octopus","com.github.eterdelta.crittersandcompanions.entity.DumboOctopusEntity",168
"Unknown","crittersandcompanions:ferret","com.github.eterdelta.crittersandcompanions.entity.FerretEntity",169
"Unknown","crittersandcompanions:grappling_hook","com.github.eterdelta.crittersandcompanions.entity.GrapplingHookEntity",170
"Unknown","crittersandcompanions:jumping_spider","com.github.eterdelta.crittersandcompanions.entity.JumpingSpiderEntity",171
"Unknown","crittersandcompanions:koi_fish","com.github.eterdelta.crittersandcompanions.entity.KoiFishEntity",172
"Unknown","crittersandcompanions:leaf_insect","com.github.eterdelta.crittersandcompanions.entity.LeafInsectEntity",173
"Unknown","crittersandcompanions:otter","com.github.eterdelta.crittersandcompanions.entity.OtterEntity",174
"Unknown","crittersandcompanions:red_panda","com.github.eterdelta.crittersandcompanions.entity.RedPandaEntity",175
"Unknown","crittersandcompanions:sea_bunny","com.github.eterdelta.crittersandcompanions.entity.SeaBunnyEntity",176
"Unknown","crittersandcompanions:shima_enaga","com.github.eterdelta.crittersandcompanions.entity.ShimaEnagaEntity",177
"Unknown","decorative_blocks:dummy_entity","lilypuree.decorative_blocks.platform.FabricPlatformHelper$1",178
"Unknown","doapi:chair","de.cristelknight.doapi.common.entity.ChairEntity",179
"Unknown","ecologics:boat","samebutdifferent.ecologics.entity.ModBoat",181
"Unknown","ecologics:chest_boat","samebutdifferent.ecologics.entity.ModChestBoat",182
"Unknown","ecologics:coconut_crab","samebutdifferent.ecologics.entity.CoconutCrab",180
"Unknown","ecologics:penguin","samebutdifferent.ecologics.entity.Penguin",183
"Unknown","ecologics:squirrel","samebutdifferent.ecologics.entity.Squirrel",184
"Unknown","elemental_wizards_rpg:dripstone_big","net.elemental_wizards_rpg.entity.DripstoneBigEntity",185
"Unknown","elemental_wizards_rpg:dripstone_small","net.elemental_wizards_rpg.entity.DripstoneSmallEntity",186
"Unknown","elemental_wizards_rpg:tornado","net.elemental_wizards_rpg.entity.TornadoEntity",187
"Unknown","endermanoverhaul:ancient_pearl","tech.alexnijjar.endermanoverhaul.common.entities.projectiles.ThrownAncientPearl",214
"Unknown","endermanoverhaul:axolotl_pet_enderman","tech.alexnijjar.endermanoverhaul.common.entities.pets.AxolotlPetEnderman",208
"Unknown","endermanoverhaul:badlands_enderman","tech.alexnijjar.endermanoverhaul.common.entities.BadlandsEnderman",188
"Unknown","endermanoverhaul:bubble_pearl","tech.alexnijjar.endermanoverhaul.common.entities.projectiles.ThrownBubblePearl",215
"Unknown","endermanoverhaul:cave_enderman","tech.alexnijjar.endermanoverhaul.common.entities.CaveEnderman",189
"Unknown","endermanoverhaul:coral_enderman","tech.alexnijjar.endermanoverhaul.common.entities.CoralEnderman",199
"Unknown","endermanoverhaul:corrupted_pearl","tech.alexnijjar.endermanoverhaul.common.entities.projectiles.ThrownCorruptedPearl",212
"Unknown","endermanoverhaul:crimson_forest_enderman","tech.alexnijjar.endermanoverhaul.common.entities.CrimsonForestEnderman",190
"Unknown","endermanoverhaul:crimson_pearl","tech.alexnijjar.endermanoverhaul.common.entities.projectiles.ThrownCrimsonPearl",218
"Unknown","endermanoverhaul:dark_oak_enderman","tech.alexnijjar.endermanoverhaul.common.entities.DarkOakEnderman",191
"Unknown","endermanoverhaul:desert_enderman","tech.alexnijjar.endermanoverhaul.common.entities.DesertEnderman",192
"Unknown","endermanoverhaul:end_enderman","tech.alexnijjar.endermanoverhaul.common.entities.EndEnderman",193
"Unknown","endermanoverhaul:end_islands_enderman","tech.alexnijjar.endermanoverhaul.common.entities.EndIslandsEnderman",194
"Unknown","endermanoverhaul:ender_bullet","tech.alexnijjar.endermanoverhaul.common.entities.projectiles.EnderBullet",211
"Unknown","endermanoverhaul:flower_fields_enderman","tech.alexnijjar.endermanoverhaul.common.entities.FlowerFieldsEnderman",195
"Unknown","endermanoverhaul:hammerhead_pet_enderman","tech.alexnijjar.endermanoverhaul.common.entities.pets.HammerheadPetEnderman",207
"Unknown","endermanoverhaul:ice_spikes_enderman","tech.alexnijjar.endermanoverhaul.common.entities.IceSpikesEnderman",196
"Unknown","endermanoverhaul:icy_pearl","tech.alexnijjar.endermanoverhaul.common.entities.projectiles.ThrownIcyPearl",217
"Unknown","endermanoverhaul:mushroom_fields_enderman","tech.alexnijjar.endermanoverhaul.common.entities.MushroomFieldsEnderman",197
"Unknown","endermanoverhaul:nether_wastes_enderman","tech.alexnijjar.endermanoverhaul.common.entities.NetherWastesEnderman",198
"Unknown","endermanoverhaul:pet_enderman","tech.alexnijjar.endermanoverhaul.common.entities.pets.PetEnderman",206
"Unknown","endermanoverhaul:savanna_enderman","tech.alexnijjar.endermanoverhaul.common.entities.SavannaEnderman",200
"Unknown","endermanoverhaul:scarab","tech.alexnijjar.endermanoverhaul.common.entities.summons.Scarab",209
"Unknown","endermanoverhaul:snowy_enderman","tech.alexnijjar.endermanoverhaul.common.entities.SnowyEnderman",201
"Unknown","endermanoverhaul:soul_pearl","tech.alexnijjar.endermanoverhaul.common.entities.projectiles.ThrownSoulPearl",213
"Unknown","endermanoverhaul:soulsand_valley_enderman","tech.alexnijjar.endermanoverhaul.common.entities.SoulsandValleyEnderman",202
"Unknown","endermanoverhaul:spirit","tech.alexnijjar.endermanoverhaul.common.entities.summons.Spirit",210
"Unknown","endermanoverhaul:summoner_pearl","tech.alexnijjar.endermanoverhaul.common.entities.projectiles.ThrownSummonerPearl",216
"Unknown","endermanoverhaul:swamp_enderman","tech.alexnijjar.endermanoverhaul.common.entities.SwampEnderman",203
"Unknown","endermanoverhaul:warped_forest_enderman","tech.alexnijjar.endermanoverhaul.common.entities.WarpedForestEnderman",204
"Unknown","endermanoverhaul:warped_pearl","tech.alexnijjar.endermanoverhaul.common.entities.projectiles.ThrownWarpedPearl",219
"Unknown","endermanoverhaul:windswept_hills_enderman","tech.alexnijjar.endermanoverhaul.common.entities.WindsweptHillsEnderman",205
"Unknown","farm_and_charm:cart","net.satisfy.farm_and_charm.core.entity.SupplyCartEntity",221
"Unknown","farm_and_charm:chair","net.satisfy.farm_and_charm.core.entity.ChairEntity",223
"Unknown","farm_and_charm:plow","net.satisfy.farm_and_charm.core.entity.PlowCartEntity",222
"Unknown","farm_and_charm:rotten_tomato","net.satisfy.farm_and_charm.core.entity.RottenTomatoEntity",220
"Unknown","farmersdelight:rotten_tomato","vectorwing.farmersdelight.common.entity.RottenTomatoEntity",224
"Unknown","fetzisasiandeco:fixed_seat","io.github.leonard1504.entity.custom.SeatEntityFixedRotation",226
"Unknown","fetzisasiandeco:koi","io.github.leonard1504.entity.custom.KoiEntity",227
"Unknown","fetzisasiandeco:seat","io.github.leonard1504.entity.custom.SeatEntity",225
"Unknown","friendsandfoes:copper_golem","com.faboslav.friendsandfoes.common.entity.CopperGolemEntity",228
"Unknown","friendsandfoes:crab","com.faboslav.friendsandfoes.common.entity.CrabEntity",229
"Unknown","friendsandfoes:glare","com.faboslav.friendsandfoes.common.entity.GlareEntity",230
"Unknown","friendsandfoes:ice_chunk","com.faboslav.friendsandfoes.common.entity.IceologerIceChunkEntity",232
"Unknown","friendsandfoes:iceologer","com.faboslav.friendsandfoes.common.entity.IceologerEntity",231
"Unknown","friendsandfoes:mauler","com.faboslav.friendsandfoes.common.entity.MaulerEntity",233
"Unknown","friendsandfoes:moobloom","com.faboslav.friendsandfoes.common.entity.MoobloomEntity",234
"Unknown","friendsandfoes:player_illusion","com.faboslav.friendsandfoes.common.entity.PlayerIllusionEntity",238
"Unknown","friendsandfoes:rascal","com.faboslav.friendsandfoes.common.entity.RascalEntity",235
"Unknown","friendsandfoes:tuff_golem","com.faboslav.friendsandfoes.common.entity.TuffGolemEntity",236
"Unknown","friendsandfoes:wildfire","com.faboslav.friendsandfoes.common.entity.WildfireEntity",237
"Unknown","furniture:canvas","com.berksire.furniture.client.entity.CanvasEntity",240
"Unknown","furniture:chair","com.berksire.furniture.client.entity.ChairEntity",239
"Unknown","furniture:fake_fish_tank","com.berksire.furniture.client.entity.FakeFishTankEntity",241
"Unknown","furniture:pells","com.berksire.furniture.client.entity.PellsEntity",242
"Unknown","galosphere:berserker","net.orcinus.galosphere.entities.Berserker",250
"Unknown","galosphere:glow_flare","net.orcinus.galosphere.entities.GlowFlare",244
"Unknown","galosphere:mole","net.orcinus.galosphere.entities.Mole",254
"Unknown","galosphere:palladium_bomb","net.orcinus.galosphere.entities.PalladiumBomb",243
"Unknown","galosphere:pink_salt_pillar","net.orcinus.galosphere.entities.PinkSaltPillar",252
"Unknown","galosphere:pink_salt_shard","net.orcinus.galosphere.entities.PinkSaltShard",253
"Unknown","galosphere:preserved","net.orcinus.galosphere.entities.Preserved",251
"Unknown","galosphere:rope_dart","net.orcinus.galosphere.entities.RopeDartProjectile",255
"Unknown","galosphere:sparkle","net.orcinus.galosphere.entities.Sparkle",246
"Unknown","galosphere:spectator_vision","net.orcinus.galosphere.entities.SpectatorVision",249
"Unknown","galosphere:specterpillar","net.orcinus.galosphere.entities.Specterpillar",248
"Unknown","galosphere:spectre","net.orcinus.galosphere.entities.Spectre",247
"Unknown","galosphere:spectre_flare","net.orcinus.galosphere.entities.SpectreFlare",245
"Unknown","galosphere:weapon_rack","net.orcinus.galosphere.entities.WeaponRack",256
"Unknown","grapplemod:grapplehook","com.yyon.grapplinghook.content.entity.grapplinghook.GrapplinghookEntity",257
"Unknown","guardribbits:guard_ribbit","sunbatheproductions28.guardribbits.entity.GuardRibbitEntity",258
"Unknown","guardvillagers:guard","dev.sterner.guardvillagers.common.entity.GuardEntity",259
"Unknown","handcrafted:fancy_painting","earth.terrarium.handcrafted.common.entities.FancyPainting",261
"Unknown","handcrafted:seat","earth.terrarium.handcrafted.common.entities.Seat",260
"Unknown","hybrid-aquatic:african_butterflyfish","dev.hybridlabs.aquatic.entity.fish.AfricanButterflyfishEntity",262
"Unknown","hybrid-aquatic:anglerfish","dev.hybridlabs.aquatic.entity.fish.AnglerfishEntity",265
"Unknown","hybrid-aquatic:arrow_squid","dev.hybridlabs.aquatic.entity.cephalopod.ArrowSquidEntity",317
"Unknown","hybrid-aquatic:barracuda","dev.hybridlabs.aquatic.entity.fish.BarracudaEntity",268
"Unknown","hybrid-aquatic:barrel_jellyfish","dev.hybridlabs.aquatic.entity.jellyfish.BarrelJellyfishEntity",351
"Unknown","hybrid-aquatic:barreleye","dev.hybridlabs.aquatic.entity.fish.BarreleyeEntity",267
"Unknown","hybrid-aquatic:basking_shark","dev.hybridlabs.aquatic.entity.shark.BaskingSharkEntity",360
"Unknown","hybrid-aquatic:betta","dev.hybridlabs.aquatic.entity.fish.BettaEntity",269
"Unknown","hybrid-aquatic:big_red_jellyfish","dev.hybridlabs.aquatic.entity.jellyfish.BigRedJellyfishEntity",348
"Unknown","hybrid-aquatic:blowfish","dev.hybridlabs.aquatic.entity.fish.BlowfishEntity",310
"Unknown","hybrid-aquatic:blue_jellyfish","dev.hybridlabs.aquatic.entity.jellyfish.BlueJellyfishEntity",353
"Unknown","hybrid-aquatic:box_jellyfish","dev.hybridlabs.aquatic.entity.jellyfish.BoxJellyfishEntity",352
"Unknown","hybrid-aquatic:boxfish","dev.hybridlabs.aquatic.entity.fish.BoxfishEntity",277
"Unknown","hybrid-aquatic:bull_shark","dev.hybridlabs.aquatic.entity.shark.BullSharkEntity",361
"Unknown","hybrid-aquatic:carp","dev.hybridlabs.aquatic.entity.fish.CarpEntity",283
"Unknown","hybrid-aquatic:cepheidae_jellyfish","dev.hybridlabs.aquatic.entity.jellyfish.CepheidaeJellyfishEntity",354
"Unknown","hybrid-aquatic:clownfish","dev.hybridlabs.aquatic.entity.fish.ClownfishEntity",276
"Unknown","hybrid-aquatic:coconut_crab","dev.hybridlabs.aquatic.entity.crustacean.CoconutCrabEntity",324
"Unknown","hybrid-aquatic:coelacanth","dev.hybridlabs.aquatic.entity.fish.CoelacanthEntity",315
"Unknown","hybrid-aquatic:cosmic_jellyfish","dev.hybridlabs.aquatic.entity.jellyfish.CosmicJellyfishEntity",349
"Unknown","hybrid-aquatic:crayfish","dev.hybridlabs.aquatic.entity.crustacean.CrayfishEntity",326
"Unknown","hybrid-aquatic:crown_jellyfish","dev.hybridlabs.aquatic.entity.jellyfish.CrownJellyfishEntity",347
"Unknown","hybrid-aquatic:cuttlefish","dev.hybridlabs.aquatic.entity.cephalopod.CuttlefishEntity",319
"Unknown","hybrid-aquatic:damselfish","dev.hybridlabs.aquatic.entity.fish.DamselfishEntity",263
"Unknown","hybrid-aquatic:danio","dev.hybridlabs.aquatic.entity.fish.DanioEntity",316
"Unknown","hybrid-aquatic:decorator_crab","dev.hybridlabs.aquatic.entity.crustacean.DecoratorCrabEntity",333
"Unknown","hybrid-aquatic:discus","dev.hybridlabs.aquatic.entity.fish.DiscusEntity",278
"Unknown","hybrid-aquatic:dragonfish","dev.hybridlabs.aquatic.entity.fish.DragonfishEntity",279
"Unknown","hybrid-aquatic:dungeness_crab","dev.hybridlabs.aquatic.entity.crustacean.DungenessCrabEntity",325
"Unknown","hybrid-aquatic:fiddler_crab","dev.hybridlabs.aquatic.entity.crustacean.FiddlerCrabEntity",327
"Unknown","hybrid-aquatic:firefly_squid","dev.hybridlabs.aquatic.entity.cephalopod.FireflySquidEntity",318
"Unknown","hybrid-aquatic:firework_jellyfish","dev.hybridlabs.aquatic.entity.jellyfish.FireworkJellyfishEntity",350
"Unknown","hybrid-aquatic:flashlight_fish","dev.hybridlabs.aquatic.entity.fish.FlashlightFishEntity",280
"Unknown","hybrid-aquatic:flower_crab","dev.hybridlabs.aquatic.entity.crustacean.FlowerCrabEntity",328
"Unknown","hybrid-aquatic:flying_fish","dev.hybridlabs.aquatic.entity.fish.FlyingFishEntity",264
"Unknown","hybrid-aquatic:frilled_shark","dev.hybridlabs.aquatic.entity.shark.FrilledSharkEntity",362
"Unknown","hybrid-aquatic:ghost_crab","dev.hybridlabs.aquatic.entity.crustacean.GhostCrabEntity",329
"Unknown","hybrid-aquatic:giant_isopod","dev.hybridlabs.aquatic.entity.crustacean.GiantIsopodEntity",339
"Unknown","hybrid-aquatic:golden_dorado","dev.hybridlabs.aquatic.entity.fish.GoldenDoradoEntity",313
"Unknown","hybrid-aquatic:goldfish","dev.hybridlabs.aquatic.entity.fish.GoldfishEntity",282
"Unknown","hybrid-aquatic:gourami","dev.hybridlabs.aquatic.entity.fish.GouramiEntity",287
"Unknown","hybrid-aquatic:great_white_shark","dev.hybridlabs.aquatic.entity.shark.GreatWhiteSharkEntity",365
"Unknown","hybrid-aquatic:hammerhead_shark","dev.hybridlabs.aquatic.entity.shark.HammerheadSharkEntity",366
"Unknown","hybrid-aquatic:hermit_crab","dev.hybridlabs.aquatic.entity.crustacean.HermitCrabEntity",330
"Unknown","hybrid-aquatic:herring","dev.hybridlabs.aquatic.entity.fish.HerringEntity",294
"Unknown","hybrid-aquatic:horseshoe_crab","dev.hybridlabs.aquatic.entity.crustacean.HorseshoeCrabEntity",331
"Unknown","hybrid-aquatic:hound_shark","dev.hybridlabs.aquatic.entity.shark.HoundSharkEntity",363
"Unknown","hybrid-aquatic:john_dory","dev.hybridlabs.aquatic.entity.fish.JohnDoryEntity",301
"Unknown","hybrid-aquatic:karcinogen","dev.hybridlabs.aquatic.entity.miniboss.KarcinogenEntity",341
"Unknown","hybrid-aquatic:karcinoma","dev.hybridlabs.aquatic.entity.miniboss.KarcinomaEntity",342
"Unknown","hybrid-aquatic:karkinos","dev.hybridlabs.aquatic.entity.miniboss.KarkinosEntity",340
"Unknown","hybrid-aquatic:lantern_shark","dev.hybridlabs.aquatic.entity.shark.LanternSharkEntity",364
"Unknown","hybrid-aquatic:lightfoot_crab","dev.hybridlabs.aquatic.entity.crustacean.LightfootCrabEntity",332
"Unknown","hybrid-aquatic:lionfish","dev.hybridlabs.aquatic.entity.fish.LionfishEntity",289
"Unknown","hybrid-aquatic:lions_mane_jellyfish","dev.hybridlabs.aquatic.entity.jellyfish.LionsManeJellyfishEntity",355
"Unknown","hybrid-aquatic:lobster","dev.hybridlabs.aquatic.entity.crustacean.LobsterEntity",334
"Unknown","hybrid-aquatic:mackerel","dev.hybridlabs.aquatic.entity.fish.MackerelEntity",293
"Unknown","hybrid-aquatic:mahi","dev.hybridlabs.aquatic.entity.fish.MahiEntity",290
"Unknown","hybrid-aquatic:manta_ray","dev.hybridlabs.aquatic.entity.fish.MantaRayEntity",272
"Unknown","hybrid-aquatic:mauve_stinger","dev.hybridlabs.aquatic.entity.jellyfish.MauveStingerEntity",356
"Unknown","hybrid-aquatic:moon_jellyfish","dev.hybridlabs.aquatic.entity.jellyfish.MoonJellyfishEntity",357
"Unknown","hybrid-aquatic:moray_eel","dev.hybridlabs.aquatic.entity.fish.MorayEelEntity",291
"Unknown","hybrid-aquatic:nautilus","dev.hybridlabs.aquatic.entity.cephalopod.NautilusEntity",323
"Unknown","hybrid-aquatic:needlefish","dev.hybridlabs.aquatic.entity.fish.NeedlefishEntity",292
"Unknown","hybrid-aquatic:nomura_jellyfish","dev.hybridlabs.aquatic.entity.jellyfish.NomuraJellyfishEntity",358
"Unknown","hybrid-aquatic:oarfish","dev.hybridlabs.aquatic.entity.fish.OarfishEntity",314
"Unknown","hybrid-aquatic:ocean_sunfish","dev.hybridlabs.aquatic.entity.fish.OceanSunfishEntity",306
"Unknown","hybrid-aquatic:octopus","dev.hybridlabs.aquatic.entity.cephalopod.OctopusEntity",320
"Unknown","hybrid-aquatic:opah","dev.hybridlabs.aquatic.entity.fish.OpahEntity",296
"Unknown","hybrid-aquatic:oscar","dev.hybridlabs.aquatic.entity.fish.OscarEntity",295
"Unknown","hybrid-aquatic:otter","dev.hybridlabs.aquatic.entity.mammal.OtterEntity",370
"Unknown","hybrid-aquatic:parrotfish","dev.hybridlabs.aquatic.entity.fish.ParrotfishEntity",273
"Unknown","hybrid-aquatic:pearlfish","dev.hybridlabs.aquatic.entity.fish.PearlfishEntity",270
"Unknown","hybrid-aquatic:piranha","dev.hybridlabs.aquatic.entity.fish.PiranhaEntity",297
"Unknown","hybrid-aquatic:pleco","dev.hybridlabs.aquatic.entity.fish.PlecoEntity",288
"Unknown","hybrid-aquatic:pupfish","dev.hybridlabs.aquatic.entity.fish.PupfishEntity",308
"Unknown","hybrid-aquatic:ratfish","dev.hybridlabs.aquatic.entity.fish.RatfishEntity",298
"Unknown","hybrid-aquatic:rockfish","dev.hybridlabs.aquatic.entity.fish.RockfishEntity",299
"Unknown","hybrid-aquatic:sea_angel","dev.hybridlabs.aquatic.entity.fish.SeaAngelEntity",302
"Unknown","hybrid-aquatic:sea_bass","dev.hybridlabs.aquatic.entity.fish.SeaBassEntity",300
"Unknown","hybrid-aquatic:sea_cucumber","dev.hybridlabs.aquatic.entity.critter.SeaCucumberEntity",344
"Unknown","hybrid-aquatic:sea_nettle","dev.hybridlabs.aquatic.entity.jellyfish.SeaNettleEntity",359
"Unknown","hybrid-aquatic:sea_slug","dev.hybridlabs.aquatic.entity.critter.SeaSlugEntity",343
"Unknown","hybrid-aquatic:sea_urchin","dev.hybridlabs.aquatic.entity.critter.SeaUrchinEntity",345
"Unknown","hybrid-aquatic:seadragon","dev.hybridlabs.aquatic.entity.fish.SeadragonEntity",304
"Unknown","hybrid-aquatic:seahorse","dev.hybridlabs.aquatic.entity.fish.SeahorseEntity",303
"Unknown","hybrid-aquatic:shiner","dev.hybridlabs.aquatic.entity.fish.ShinerEntity",286
"Unknown","hybrid-aquatic:shrimp","dev.hybridlabs.aquatic.entity.crustacean.ShrimpEntity",335
"Unknown","hybrid-aquatic:snailfish","dev.hybridlabs.aquatic.entity.fish.SnailfishEntity",266
"Unknown","hybrid-aquatic:spider_crab","dev.hybridlabs.aquatic.entity.crustacean.SpiderCrabEntity",337
"Unknown","hybrid-aquatic:squirrelfish","dev.hybridlabs.aquatic.entity.fish.SquirrelfishEntity",281
"Unknown","hybrid-aquatic:starfish","dev.hybridlabs.aquatic.entity.critter.StarfishEntity",346
"Unknown","hybrid-aquatic:stingray","dev.hybridlabs.aquatic.entity.fish.StingrayEntity",271
"Unknown","hybrid-aquatic:stonefish","dev.hybridlabs.aquatic.entity.fish.StonefishEntity",305
"Unknown","hybrid-aquatic:sunfish","dev.hybridlabs.aquatic.entity.fish.SunfishEntity",285
"Unknown","hybrid-aquatic:surgeonfish","dev.hybridlabs.aquatic.entity.fish.SurgeonfishEntity",275
"Unknown","hybrid-aquatic:tetra","dev.hybridlabs.aquatic.entity.fish.TetraEntity",307
"Unknown","hybrid-aquatic:thresher_shark","dev.hybridlabs.aquatic.entity.shark.ThresherSharkEntity",367
"Unknown","hybrid-aquatic:tiger_barb","dev.hybridlabs.aquatic.entity.fish.TigerBarbEntity",309
"Unknown","hybrid-aquatic:tiger_shark","dev.hybridlabs.aquatic.entity.shark.TigerSharkEntity",368
"Unknown","hybrid-aquatic:triggerfish","dev.hybridlabs.aquatic.entity.fish.TriggerfishEntity",311
"Unknown","hybrid-aquatic:trout","dev.hybridlabs.aquatic.entity.fish.TroutEntity",284
"Unknown","hybrid-aquatic:tuna","dev.hybridlabs.aquatic.entity.fish.TunaEntity",312
"Unknown","hybrid-aquatic:umbrella_octopus","dev.hybridlabs.aquatic.entity.cephalopod.UmbrellaOctopusEntity",322
"Unknown","hybrid-aquatic:vampire_crab","dev.hybridlabs.aquatic.entity.crustacean.VampireCrabEntity",336
"Unknown","hybrid-aquatic:vampire_squid","dev.hybridlabs.aquatic.entity.cephalopod.VampireSquidEntity",321
"Unknown","hybrid-aquatic:whale_shark","dev.hybridlabs.aquatic.entity.shark.WhaleSharkEntity",369
"Unknown","hybrid-aquatic:wrasse","dev.hybridlabs.aquatic.entity.fish.WrasseEntity",274
"Unknown","hybrid-aquatic:yeti_crab","dev.hybridlabs.aquatic.entity.crustacean.YetiCrabEntity",338
"Unknown","hybrid-birds:chick","dev.hybridlabs.birds.entity.bird.ChickEntity",372
"Unknown","hybrid-birds:cygnet","dev.hybridlabs.birds.entity.bird.CygnetEntity",375
"Unknown","hybrid-birds:duck","dev.hybridlabs.birds.entity.bird.DuckEntity",382
"Unknown","hybrid-birds:duckling","dev.hybridlabs.birds.entity.bird.DucklingEntity",373
"Unknown","hybrid-birds:goose","dev.hybridlabs.birds.entity.bird.GooseEntity",383
"Unknown","hybrid-birds:gosling","dev.hybridlabs.birds.entity.bird.GoslingEntity",374
"Unknown","hybrid-birds:guinea_fowl","dev.hybridlabs.birds.entity.bird.GuineaFowlEntity",381
"Unknown","hybrid-birds:keet","dev.hybridlabs.birds.entity.bird.KeetEntity",378
"Unknown","hybrid-birds:peachick","dev.hybridlabs.birds.entity.bird.PeachickEntity",377
"Unknown","hybrid-birds:peacock","dev.hybridlabs.birds.entity.bird.PeacockEntity",380
"Unknown","hybrid-birds:poult","dev.hybridlabs.birds.entity.bird.PoultEntity",376
"Unknown","hybrid-birds:rooster","dev.hybridlabs.birds.entity.bird.RoosterEntity",371
"Unknown","hybrid-birds:swan","dev.hybridlabs.birds.entity.bird.SwanEntity",384
"Unknown","hybrid-birds:turkey","dev.hybridlabs.birds.entity.bird.TurkeyEntity",379
"Unknown","immersive_aircraft:airship","immersive_aircraft.entity.AirshipEntity",387
"Unknown","immersive_aircraft:bamboo_hopper","immersive_aircraft.entity.BambooHopperEntity",391
"Unknown","immersive_aircraft:biplane","immersive_aircraft.entity.BiplaneEntity",386
"Unknown","immersive_aircraft:bullet","immersive_aircraft.entity.bullet.BulletEntity",392
"Unknown","immersive_aircraft:cargo_airship","immersive_aircraft.entity.CargoAirshipEntity",388
"Unknown","immersive_aircraft:gyrodyne","immersive_aircraft.entity.GyrodyneEntity",385
"Unknown","immersive_aircraft:quadrocopter","immersive_aircraft.entity.QuadrocopterEntity",390
"Unknown","immersive_aircraft:tiny_tnt","immersive_aircraft.entity.bullet.TinyTNT",393
"Unknown","immersive_aircraft:warship","immersive_aircraft.entity.WarshipEntity",389
"Unknown","lilis_lucky_lures:dynamite","net.satisfy.lilis_lucky_lures.core.entity.DynamiteEntity",394
"Unknown","lilis_lucky_lures:floating_books","net.satisfy.lilis_lucky_lures.core.entity.FloatingBooksEntity",397
"Unknown","lilis_lucky_lures:floating_debris","net.satisfy.lilis_lucky_lures.core.entity.FloatingDebrisEntity",396
"Unknown","lilis_lucky_lures:ocean_fish_pool","net.satisfy.lilis_lucky_lures.core.entity.OceanFishPoolEntity",399
"Unknown","lilis_lucky_lures:river_fish_pool","net.satisfy.lilis_lucky_lures.core.entity.RiverFishPoolEntity",398
"Unknown","lilis_lucky_lures:thrown_spear","net.satisfy.lilis_lucky_lures.core.entity.projectile.ThrownSpearEntity",395
"Unknown","lootr:lootr_minecart","net.zestyblaze.lootr.entity.LootrChestMinecartEntity",400
"Unknown","meadow:chair","net.satisfy.meadow.core.entity.ChairEntity",407
"Unknown","meadow:pine_boat","net.satisfy.meadow.core.entity.PineBoatEntity",403
"Unknown","meadow:pine_chest_boat","net.satisfy.meadow.core.entity.PineChestBoatEntity",404
"Unknown","meadow:water_buffalo","net.satisfy.meadow.core.entity.WaterBuffaloEntity",405
"Unknown","meadow:wooly_cow","net.satisfy.meadow.core.entity.WoolyCowEntity",406
"Unknown","meadow:wooly_sheep","net.satisfy.meadow.core.entity.WoolySheepEntity",408
"Unknown","naturalist:alligator","com.starfish_studios.naturalist.common.entity.Alligator",409
"Unknown","naturalist:bass","com.starfish_studios.naturalist.common.entity.Bass",410
"Unknown","naturalist:bear","com.starfish_studios.naturalist.common.entity.Bear",411
"Unknown","naturalist:bluejay","com.starfish_studios.naturalist.common.entity.Bird",412
"Unknown","naturalist:boar","com.starfish_studios.naturalist.common.entity.Boar",413
"Unknown","naturalist:butterfly","com.starfish_studios.naturalist.common.entity.Butterfly",414
"Unknown","naturalist:canary","com.starfish_studios.naturalist.common.entity.Bird",415
"Unknown","naturalist:cardinal","com.starfish_studios.naturalist.common.entity.Bird",416
"Unknown","naturalist:caterpillar","com.starfish_studios.naturalist.common.entity.Caterpillar",417
"Unknown","naturalist:catfish","com.starfish_studios.naturalist.common.entity.Catfish",418
"Unknown","naturalist:coral_snake","com.starfish_studios.naturalist.common.entity.Snake",419
"Unknown","naturalist:deer","com.starfish_studios.naturalist.common.entity.Deer",420
"Unknown","naturalist:dragonfly","com.starfish_studios.naturalist.common.entity.Dragonfly",421
"Unknown","naturalist:duck","com.starfish_studios.naturalist.common.entity.Duck",422
"Unknown","naturalist:duck_egg","com.starfish_studios.naturalist.common.entity.core.projectile.ThrownDuckEgg",423
"Unknown","naturalist:elephant","com.starfish_studios.naturalist.common.entity.Elephant",424
"Unknown","naturalist:finch","com.starfish_studios.naturalist.common.entity.Bird",426
"Unknown","naturalist:firefly","com.starfish_studios.naturalist.common.entity.Firefly",425
"Unknown","naturalist:giraffe","com.starfish_studios.naturalist.common.entity.Giraffe",427
"Unknown","naturalist:hippo","com.starfish_studios.naturalist.common.entity.Hippo",428
"Unknown","naturalist:lion","com.starfish_studios.naturalist.common.entity.Lion",429
"Unknown","naturalist:lizard","com.starfish_studios.naturalist.common.entity.Lizard",430
"Unknown","naturalist:lizard_tail","com.starfish_studios.naturalist.common.entity.LizardTail",431
"Unknown","naturalist:moose","?",432
"Unknown","naturalist:rattlesnake","com.starfish_studios.naturalist.common.entity.Snake",433
"Unknown","naturalist:rhino","com.starfish_studios.naturalist.common.entity.Rhino",434
"Unknown","naturalist:robin","com.starfish_studios.naturalist.common.entity.Bird",435
"Unknown","naturalist:snail","com.starfish_studios.naturalist.common.entity.Snail",436
"Unknown","naturalist:snake","com.starfish_studios.naturalist.common.entity.Snake",437
"Unknown","naturalist:sparrow","com.starfish_studios.naturalist.common.entity.Bird",438
"Unknown","naturalist:tortoise","com.starfish_studios.naturalist.common.entity.Tortoise",439
"Unknown","naturalist:vulture","com.starfish_studios.naturalist.common.entity.Vulture",440
"Unknown","naturalist:zebra","com.starfish_studios.naturalist.common.entity.Zebra",441
"Unknown","niftycarts:animal_cart","net.jmb19905.niftycarts.entity.AnimalCartEntity",444
"Unknown","niftycarts:hand_cart","net.jmb19905.niftycarts.entity.HandCartEntity",443
"Unknown","niftycarts:plow","net.jmb19905.niftycarts.entity.PlowEntity",445
"Unknown","niftycarts:postilion","net.jmb19905.niftycarts.entity.PostilionEntity",449
"Unknown","niftycarts:reaper","net.jmb19905.niftycarts.entity.ReaperCartEntity",447
"Unknown","niftycarts:seed_drill","net.jmb19905.niftycarts.entity.SeedDrillEntity",446
"Unknown","niftycarts:supply_cart","net.jmb19905.niftycarts.entity.SupplyCartEntity",442
"Unknown","niftycarts:wagon","net.jmb19905.niftycarts.entity.WagonEntity",448
"Unknown","powah:charged_snowball","owmii.powah.entity.ChargedSnowballEntity",450
"Unknown","ppekkungz:krathong_entity","net.ppekkungz.krathong.registry.entity.KrathongEntity",401
"Unknown","ppekkungz:sky_lantern_entity","net.ppekkungz.krathong.registry.entity.SkyLanternEntity",402
"Unknown","ribbits:ribbit","com.yungnickyoung.minecraft.ribbits.entity.RibbitEntity",451
"Unknown","shetiphiancore:gui_item","shetiphian.core.client.gui.EntityGuiItem",452
"Unknown","shield_overhaul:shield_bash_entity","elocin.shield_overhaul.registry.entity.ShieldBashEntity",453
"Unknown","simplyswords:battlestandard","net.sweenus.simplyswords.entity.BattleStandardEntity",454
"Unknown","simplyswords:battlestandarddark","net.sweenus.simplyswords.entity.BattleStandardDarkEntity",455
"Unknown","simplyswords:simplybeeentity","net.sweenus.simplyswords.entity.SimplySwordsBeeEntity",456
"Unknown","smallships:brigg","com.talhanation.smallships.world.entity.ship.BriggEntity",459
"Unknown","smallships:cannon_ball","com.talhanation.smallships.world.entity.projectile.CannonBallEntity",457
"Unknown","smallships:cog","com.talhanation.smallships.world.entity.ship.CogEntity",458
"Unknown","smallships:drakkar","com.talhanation.smallships.world.entity.ship.DrakkarEntity",461
"Unknown","smallships:galley","com.talhanation.smallships.world.entity.ship.GalleyEntity",460
"Unknown","sophisticatedbackpacks:everlasting_backpack_item","net.p3pp3rf1y.sophisticatedbackpacks.upgrades.everlasting.EverlastingBackpackItemEntity",462
"Unknown","spell_engine:spell_area_effect","net.spell_engine.entity.SpellCloud",464
"Unknown","spell_engine:spell_projectile","net.spell_engine.entity.SpellProjectile",463
"Unknown","supplementaries:bomb","net.mehvahdjukaar.supplementaries.common.entities.BombEntity",510
"Unknown","supplementaries:brick_projectile","net.mehvahdjukaar.supplementaries.common.entities.ThrowableBrickEntity",508
"Unknown","supplementaries:cannonball","net.mehvahdjukaar.supplementaries.common.entities.CannonBallEntity",511
"Unknown","supplementaries:dispenser_minecart","net.mehvahdjukaar.supplementaries.common.entities.dispenser_minecart.DispenserMinecartEntity",502
"Unknown","supplementaries:falling_ash","net.mehvahdjukaar.supplementaries.common.entities.FallingAshEntity",506
"Unknown","supplementaries:falling_sack","net.mehvahdjukaar.moonlight.api.entity.ImprovedFallingBlockEntity",507
"Unknown","supplementaries:falling_urn","net.mehvahdjukaar.supplementaries.common.entities.FallingUrnEntity",505
"Unknown","supplementaries:hat_stand","net.mehvahdjukaar.supplementaries.common.entities.HatStandEntity",503
"Unknown","supplementaries:pearl_marker","net.mehvahdjukaar.supplementaries.common.entities.PearlMarker",501
"Unknown","supplementaries:red_merchant","net.mehvahdjukaar.supplementaries.common.entities.RedMerchantEntity",504
"Unknown","supplementaries:rope_arrow","net.mehvahdjukaar.supplementaries.common.entities.RopeArrowEntity",512
"Unknown","supplementaries:slimeball_projectile","net.mehvahdjukaar.supplementaries.common.entities.SlimeBallEntity",509
"Unknown","supplementaries:slingshot_projectile","net.mehvahdjukaar.supplementaries.common.entities.SlingshotProjectileEntity",513
"Unknown","terraform:boat","com.terraformersmc.terraform.boat.impl.entity.TerraformBoatEntity",465
"Unknown","terraform:chest_boat","com.terraformersmc.terraform.boat.impl.entity.TerraformChestBoatEntity",466
"Unknown","tinyskeletons:baby_skeleton","fuzs.tinyskeletons.world.entity.monster.BabySkeleton",467
"Unknown","tinyskeletons:baby_stray","fuzs.tinyskeletons.world.entity.monster.BabyStray",469
"Unknown","tinyskeletons:baby_wither_skeleton","fuzs.tinyskeletons.world.entity.monster.BabyWitherSkeleton",468
"Unknown","universal_graves:xp","eu.pb4.graves.registry.SafeXPEntity",470
"Unknown","untitledduckmod:duck","net.untitledduckmod.common.entity.DuckEntity",471
"Unknown","untitledduckmod:duck_egg","net.untitledduckmod.common.entity.WaterfowlEggEntity",472
"Unknown","untitledduckmod:goose","net.untitledduckmod.common.entity.GooseEntity",473
"Unknown","untitledduckmod:goose_egg","net.untitledduckmod.common.entity.WaterfowlEggEntity",474
"Unknown","vinery:chair","net.satisfy.vinery.core.entity.ChairEntity",479
"Unknown","vinery:dark_cherry_boat","net.satisfy.vinery.core.entity.DarkCherryBoatEntity",475
"Unknown","vinery:dark_cherry_chest_boat","net.satisfy.vinery.core.entity.DarkCherryChestBoatEntity",476
"Unknown","vinery:mule","net.satisfy.vinery.core.entity.TraderMuleEntity",477
"Unknown","vinery:wandering_winemaker","net.satisfy.vinery.core.entity.WanderingWinemakerEntity",478
"Unknown","wildernature:bison","net.satisfy.wildernature.entity.BisonEntity",480
"Unknown","wildernature:boar","net.satisfy.wildernature.entity.BoarEntity",481
"Unknown","wildernature:bullet","net.satisfy.wildernature.entity.BulletEntity",495
"Unknown","wildernature:cassowary","net.satisfy.wildernature.entity.CassowaryEntity",482
"Unknown","wildernature:deer","net.satisfy.wildernature.entity.DeerEntity",483
"Unknown","wildernature:dog","net.satisfy.wildernature.entity.DogEntity",484
"Unknown","wildernature:flamingo","net.satisfy.wildernature.entity.FlamingoEntity",485
"Unknown","wildernature:hedgehog","net.satisfy.wildernature.entity.HedgehogEntity",486
"Unknown","wildernature:minisheep","net.satisfy.wildernature.entity.MiniSheepEntity",487
"Unknown","wildernature:owl","net.satisfy.wildernature.entity.OwlEntity",488
"Unknown","wildernature:pelican","net.satisfy.wildernature.entity.PelicanEntity",489
"Unknown","wildernature:penguin","net.satisfy.wildernature.entity.PenguinEntity",490
"Unknown","wildernature:raccoon","net.satisfy.wildernature.entity.RaccoonEntity",491
"Unknown","wildernature:red_wolf","net.satisfy.wildernature.entity.RedWolfEntity",492
"Unknown","wildernature:squirrel","net.satisfy.wildernature.entity.SquirrelEntity",493
"Unknown","wildernature:turkey","net.satisfy.wildernature.entity.TurkeyEntity",494
