"Mod name","Registry name","Item ID","Display name","Tags"
"Chipped","chipped:blobby_moss_block",6315,"Blobby Moss Block","chipped:moss_block"
"Chipped","chipped:blue_moss_block",6316,"Blue Moss Block","chipped:moss_block"
"Chipped","chipped:brown_mushroom_bulb",6263,"Brown Mushroom Bulb","chipped:brown_mushroom"
"Chipped","chipped:brown_mushroom_bushel",6264,"Brown Mushroom Bushel","chipped:brown_mushroom"
"Chipped","chipped:brown_mushroom_cluster",6265,"Brown Mushroom Cluster","chipped:brown_mushroom"
"Chipped","chipped:brown_mushroom_trio",6266,"Brown Mushroom Trio","chipped:brown_mushroom"
"Chipped","chipped:bulbed_brown_mushroom",6255,"Bulbed Brown Mushroom","chipped:brown_mushroom"
"Chipped","chipped:bulbed_red_mushroom",6269,"Bulbed Red Mushroom","chipped:red_mushroom"
"Chipped","chipped:button_brown_mushroom",6256,"Button Brown Mushroom","chipped:brown_mushroom"
"Chipped","chipped:button_red_mushroom",6270,"Button Red Mushroom","chipped:red_mushroom"
"Chipped","chipped:clustered_brown_mushroom",6257,"Clustered Brown Mushroom","chipped:brown_mushroom"
"Chipped","chipped:clustered_red_mushroom",6271,"Clustered Red Mushroom","chipped:red_mushroom"
"Chipped","chipped:crunchy_moss_block",6317,"Crunchy Moss Block","chipped:moss_block"
"Chipped","chipped:double_brown_mushroom",6258,"Double Brown Mushroom","chipped:brown_mushroom"
"Chipped","chipped:double_red_mushroom",6272,"Double Red Mushroom","chipped:red_mushroom"
"Chipped","chipped:franken_brown_mushroom",6259,"Franken Brown Mushroom","chipped:brown_mushroom"
"Chipped","chipped:franken_red_mushroom",6273,"Franken Red Mushroom","chipped:red_mushroom"
"Chipped","chipped:hooded_brown_mushroom",6260,"Hooded Brown Mushroom","chipped:brown_mushroom"
"Chipped","chipped:hooded_red_mushroom",6274,"Hooded Red Mushroom","chipped:red_mushroom"
"Chipped","chipped:lime_moss_block",6318,"Lime Moss Block","chipped:moss_block"
"Chipped","chipped:micro_brown_mushroom",6261,"Micro Brown Mushroom","chipped:brown_mushroom"
"Chipped","chipped:micro_red_mushroom",6275,"Micro Red Mushroom","chipped:red_mushroom"
"Chipped","chipped:mini_brown_mushroom",6262,"Mini Brown Mushroom","chipped:brown_mushroom"
"Chipped","chipped:mini_red_mushroom",6276,"Mini Red Mushroom","chipped:red_mushroom"
"Chipped","chipped:old_moss_block",6319,"Old Moss Block","chipped:moss_block"
"Chipped","chipped:red_moss_block",6320,"Red Moss Block","chipped:moss_block"
"Chipped","chipped:red_mushroom_bulb",6277,"Red Mushroom Bulb","chipped:red_mushroom"
"Chipped","chipped:red_mushroom_bushel",6278,"Red Mushroom Bushel","chipped:red_mushroom"
"Chipped","chipped:red_mushroom_cluster",6279,"Red Mushroom Cluster","chipped:red_mushroom"
"Chipped","chipped:red_mushroom_trio",6280,"Red Mushroom Trio","chipped:red_mushroom"
"Chipped","chipped:smooth_moss_block",6321,"Smooth Moss Block","chipped:moss_block"
"Chipped","chipped:spongy_moss_block",6322,"Spongy Moss Block","chipped:moss_block"
"Chipped","chipped:sprinkled_moss_block",6323,"Sprinkled Moss Block","chipped:moss_block"
"Chipped","chipped:umbrella_brown_mushroom",6267,"Umbrella Brown Mushroom","chipped:brown_mushroom"
"Chipped","chipped:umbrella_red_mushroom",6281,"Umbrella Red Mushroom","chipped:red_mushroom"
"Chipped","chipped:wicked_brown_mushroom",6268,"Wicked Brown Mushroom","chipped:brown_mushroom"
"Chipped","chipped:wicked_red_mushroom",6282,"Wicked Red Mushroom","chipped:red_mushroom"
"Chipped","chipped:yellow_moss_block",6324,"Yellow Moss Block","chipped:moss_block"
"Minecraft","minecraft:acacia_sapling",39,"Acacia Sapling","minecraft:saplings, supplementaries:flower_box_plantable, sereneseasons:summer_crops"
"Minecraft","minecraft:azalea",175,"Azalea","minecraft:saplings, sereneseasons:summer_crops, supplementaries:flower_box_plantable, sereneseasons:spring_crops"
"Minecraft","minecraft:bamboo",229,"Bamboo","sereneseasons:summer_crops, supplementaries:flower_box_plantable, naturalist:tortoise_tempt_items, sereneseasons:spring_crops"
"Minecraft","minecraft:beetroot_seeds",1109,"Beetroot Seeds","minecraft:villager_plantable_seeds, farm_and_charm:feeding_trough_fodder, farm_and_charm:seeds, bakery:seeds, untitledduckmod:goose_food, untitledduckmod:duck_breeding_food, untitledduckmod:duck_food, c:beetroot_seeds, c:seeds, niftycarts:seed_drill_plantable, brewery:seeds, naturalist:bird_food_items, crittersandcompanions:shima_enaga_food, untitledduckmod:goose_breeding_food, sereneseasons:autumn_crops"
"Minecraft","minecraft:big_dripleaf",227,"Big Dripleaf","supplementaries:flower_box_plantable"
"Minecraft","minecraft:birch_sapling",37,"Birch Sapling","minecraft:saplings, sereneseasons:autumn_crops, supplementaries:flower_box_plantable, sereneseasons:spring_crops"
"Minecraft","minecraft:brown_mushroom",212,"Brown Mushroom","sereneseasons:summer_crops, sereneseasons:year_round_crops, sereneseasons:spring_crops, sereneseasons:autumn_crops, supplementaries:flower_box_plantable, farmersdelight:cabbage_roll_ingredients, c:mushrooms, sereneseasons:winter_crops, chipped:brown_mushroom, candlelight:mushrooms, naturalist:tortoise_tempt_items, forge:mushrooms"
"Minecraft","minecraft:carrot",1051,"Carrot","sereneseasons:spring_crops, minecraft:villager_plantable_seeds, c:foods/vegetables, farm_and_charm:feeding_trough_fodder, c:crops, c:vegetables/carrot, naturalist:boar_food_items, c:foods/vegetables/carrots, farmersdelight:cabbage_roll_ingredients, c:crops/carrot, niftycarts:seed_drill_plantable, c:foods, farm_and_charm:crops, c:foods/vegetables/carrot, sereneseasons:autumn_crops"
"Minecraft","minecraft:cherry_sapling",40,"Cherry Sapling","minecraft:saplings, supplementaries:flower_box_plantable, sereneseasons:spring_crops"
"Minecraft","minecraft:cocoa_beans",903,"Cocoa Beans","balm:dyes, cornexpansion:candied_ingredient, c:dyes/brown, c:brown_dyes, balm:brown_dyes, sereneseasons:summer_crops, c:dyes, supplementaries:blackboard_brown"
"Minecraft","minecraft:crimson_fungus",214,"Crimson Fungus","supplementaries:flower_box_plantable, sereneseasons:winter_crops, chipped:crimson_fungus, sereneseasons:spring_crops, sereneseasons:year_round_crops, sereneseasons:autumn_crops, sereneseasons:summer_crops"
"Minecraft","minecraft:crimson_nylium",20,"Crimson Nylium",""
"Minecraft","minecraft:dark_oak_sapling",41,"Dark Oak Sapling","minecraft:saplings, supplementaries:flower_box_plantable, sereneseasons:autumn_crops"
"Minecraft","minecraft:fern",174,"Fern","supplementaries:flower_box_plantable"
"Minecraft","minecraft:flowering_azalea",176,"Flowering Azalea","minecraft:saplings, minecraft:flowers, sereneseasons:summer_crops, supplementaries:flower_box_plantable, sereneseasons:spring_crops"
"Minecraft","minecraft:glow_berries",1166,"Glow Berries","friendsandfoes:glare_tempt_items, sereneseasons:year_round_crops, c:foods/berries, friendsandfoes:glare_food_items, sereneseasons:summer_crops, c:foods, minecraft:fox_food, sereneseasons:winter_crops, sereneseasons:spring_crops, sereneseasons:autumn_crops"
"Minecraft","minecraft:glow_lichen",338,"Glow Lichen","galosphere:sparkle_tempt_items"
"Minecraft","minecraft:grass",173,"Grass",""
"Minecraft","minecraft:grass_block",14,"Grass Block","minecraft:dirt"
"Minecraft","minecraft:jungle_sapling",38,"Jungle Sapling","minecraft:saplings, supplementaries:flower_box_plantable, sereneseasons:summer_crops"
"Minecraft","minecraft:kelp",222,"Kelp","untitledduckmod:goose_food, more_rpg_classes:water_plants, friendsandfoes:crab_tempt_items, more_rpg_classes:rune_crafting/reagent/aqua_small, untitledduckmod:goose_taming_food"
"Minecraft","minecraft:lilac",444,"Lilac","meadow:big_flower, supplementaries:flower_box_plantable, minecraft:tall_flowers, minecraft:flowers"
"Minecraft","minecraft:mangrove_leaves",161,"Mangrove Leaves","minecraft:completes_find_tree_tutorial, minecraft:leaves, sereneseasons:summer_crops"
"Minecraft","minecraft:mangrove_propagule",42,"Mangrove Propagule","more_rpg_classes:water_plants, minecraft:flowers, minecraft:saplings, sereneseasons:summer_crops, supplementaries:flower_box_plantable"
"Minecraft","minecraft:melon_seeds",946,"Melon Seeds","niftycarts:seed_drill_plantable, bakery:seeds, c:melon_seeds, brewery:seeds, untitledduckmod:goose_breeding_food, sereneseasons:summer_crops, naturalist:bird_food_items, untitledduckmod:duck_food, farm_and_charm:feeding_trough_fodder, farm_and_charm:seeds, crittersandcompanions:shima_enaga_food, c:seeds, untitledduckmod:goose_food, untitledduckmod:duck_breeding_food"
"Minecraft","minecraft:moss_block",225,"Moss Block","chipped:moss_block, minecraft:dirt"
"Minecraft","minecraft:netherrack",303,"Netherrack","chipped:netherrack, c:netherrack, c:ore_bearing_ground/netherrack"
"Minecraft","minecraft:oak_sapling",35,"Oak Sapling","supplementaries:flower_box_plantable, sereneseasons:winter_crops, sereneseasons:spring_crops, sereneseasons:year_round_crops, minecraft:saplings, sereneseasons:autumn_crops, sereneseasons:summer_crops"
"Minecraft","minecraft:peony",446,"Peony","meadow:big_flower, supplementaries:flower_box_plantable, minecraft:tall_flowers, minecraft:flowers"
"Minecraft","minecraft:pink_petals",224,"Pink Petals","supplementaries:flower_box_plantable, minecraft:flowers"
"Minecraft","minecraft:pitcher_pod",1107,"Pitcher Pod","minecraft:villager_plantable_seeds, sereneseasons:summer_crops, farm_and_charm:feeding_trough_fodder, supplementaries:flower_box_plantable, niftycarts:seed_drill_plantable"
"Minecraft","minecraft:potato",1052,"Potato","niftycarts:seed_drill_plantable, sereneseasons:spring_crops, c:foods, farmersdelight:cabbage_roll_ingredients, minecraft:villager_plantable_seeds, c:foods/vegetables/potato, farm_and_charm:crops, farm_and_charm:feeding_trough_fodder, c:crops/potato, c:crops, naturalist:boar_food_items, c:foods/vegetables, c:foods/vegetables/potatoes, c:vegetables/potato"
"Minecraft","minecraft:pumpkin_seeds",945,"Pumpkin Seeds","niftycarts:seed_drill_plantable, c:pumpkin_seeds, bakery:seeds, brewery:seeds, untitledduckmod:goose_breeding_food, farm_and_charm:feeding_trough_fodder, naturalist:bird_food_items, untitledduckmod:duck_food, sereneseasons:autumn_crops, farm_and_charm:seeds, crittersandcompanions:shima_enaga_food, c:seeds, untitledduckmod:goose_food, untitledduckmod:duck_breeding_food"
"Minecraft","minecraft:red_mushroom",213,"Red Mushroom","farmersdelight:cabbage_roll_ingredients, supplementaries:flower_box_plantable, sereneseasons:spring_crops, sereneseasons:autumn_crops, sereneseasons:summer_crops, sereneseasons:year_round_crops, c:mushrooms, sereneseasons:winter_crops, candlelight:mushrooms, forge:mushrooms, chipped:red_mushroom"
"Minecraft","minecraft:rooted_dirt",18,"Rooted Dirt","minecraft:dirt"
"Minecraft","minecraft:rose_bush",445,"Rose Bush","meadow:big_flower, supplementaries:flower_box_plantable, minecraft:tall_flowers, minecraft:flowers"
"Minecraft","minecraft:sea_pickle",179,"Sea Pickle","more_rpg_classes:water_plants, more_rpg_classes:rune_crafting/reagent/aqua_small"
"Minecraft","minecraft:seagrass",178,"Seagrass","untitledduckmod:goose_food, untitledduckmod:goose_taming_food, more_rpg_classes:water_plants, more_rpg_classes:rune_crafting/reagent/aqua_small"
"Minecraft","minecraft:small_dripleaf",228,"Small Dripleaf","supplementaries:flower_box_plantable"
"Minecraft","minecraft:spruce_sapling",36,"Spruce Sapling","sereneseasons:autumn_crops, minecraft:saplings, supplementaries:flower_box_plantable, sereneseasons:winter_crops, sereneseasons:spring_crops"
"Minecraft","minecraft:sunflower",443,"Sunflower","meadow:big_flower, supplementaries:flower_box_plantable, minecraft:tall_flowers, minecraft:flowers"
"Minecraft","minecraft:sweet_berries",1165,"Sweet Berries","c:foods, sereneseasons:winter_crops, naturalist:bear_tempt_items, c:foods/berries, naturalist:moose_food, sereneseasons:spring_crops, supplementaries:flower_box_plantable, minecraft:fox_food"
"Minecraft","minecraft:torchflower_seeds",1106,"Torchflower Seeds","minecraft:villager_plantable_seeds, sereneseasons:summer_crops, minecraft:sniffer_food, farm_and_charm:feeding_trough_fodder, niftycarts:seed_drill_plantable"
"Minecraft","minecraft:twisting_vines",220,"Twisting Vines","supplementaries:flower_box_plantable"
"Minecraft","minecraft:warped_fungus",215,"Warped Fungus","supplementaries:flower_box_plantable, sereneseasons:winter_crops, sereneseasons:spring_crops, sereneseasons:year_round_crops, sereneseasons:summer_crops, sereneseasons:autumn_crops, chipped:warped_fungus"
"Minecraft","minecraft:warped_nylium",21,"Warped Nylium",""
"Minecraft","minecraft:weeping_vines",219,"Weeping Vines",""
"Minecraft","minecraft:wheat_seeds",813,"Wheat Seeds","farm_and_charm:feeding_trough_fodder, niftycarts:seed_drill_plantable, crittersandcompanions:shima_enaga_food, brewery:seeds, farm_and_charm:seeds, sereneseasons:summer_crops, untitledduckmod:goose_food, untitledduckmod:duck_food, bakery:seeds, c:seeds, naturalist:bird_food_items, untitledduckmod:goose_breeding_food, sereneseasons:autumn_crops, untitledduckmod:duck_breeding_food, c:wheat_seeds, minecraft:villager_plantable_seeds"
"Unknown","betterend:aeridium",2612,"Aeridium","c:compostable"
"Unknown","betterend:amber_grass",2601,"Amber Grass","c:compostable"
"Unknown","betterend:amber_root_seed",2641,"Amber Root Seed","farm_and_charm:seeds, bakery:seeds, untitledduckmod:goose_food, c:compostable, untitledduckmod:goose_breeding_food, untitledduckmod:duck_breeding_food, untitledduckmod:duck_food, c:seeds, brewery:seeds"
"Unknown","betterend:aurant_polypore",2679,"Aurant Polypore",""
"Unknown","betterend:blooming_cooksonia",2605,"Blooming Cooksonia","c:compostable"
"Unknown","betterend:blossom_berry_seed",2640,"Blossom Berry Seed","farm_and_charm:seeds, bakery:seeds, untitledduckmod:goose_food, c:compostable, untitledduckmod:goose_breeding_food, untitledduckmod:duck_breeding_food, untitledduckmod:duck_food, c:seeds, brewery:seeds"
"Unknown","betterend:blue_vine_seed",2618,"Blue Vine Seed","farm_and_charm:seeds, bakery:seeds, untitledduckmod:goose_food, c:compostable, untitledduckmod:goose_breeding_food, untitledduckmod:duck_breeding_food, untitledduckmod:duck_food, c:seeds, brewery:seeds"
"Unknown","betterend:bolux_mushroom",2626,"Bolux Mushroom","c:compostable"
"Unknown","betterend:bubble_coral",2645,"Bubble Coral","c:compostable"
"Unknown","betterend:bulb_moss",2684,"Bulb Moss","c:compostable"
"Unknown","betterend:bulb_vine",2690,"Bulb Vine","c:compostable"
"Unknown","betterend:bulb_vine_seed",2689,"Bulb Vine Seed","farm_and_charm:seeds, bakery:seeds, untitledduckmod:goose_food, c:compostable, untitledduckmod:goose_breeding_food, untitledduckmod:duck_breeding_food, untitledduckmod:duck_food, c:seeds, brewery:seeds"
"Unknown","betterend:bushy_grass",2600,"Bushy Grass","c:compostable"
"Unknown","betterend:cave_grass",2597,"Cave Grass","c:compostable"
"Unknown","betterend:cave_pumpkin_seed",2643,"Cave Pumpkin Seed","c:compostable"
"Unknown","betterend:charnia_cyan",2652,"Cyan Charnia","c:compostable"
"Unknown","betterend:charnia_green",2653,"Green Charnia","c:compostable"
"Unknown","betterend:charnia_light_blue",2651,"Light Blue Charnia","c:compostable"
"Unknown","betterend:charnia_orange",2650,"Orange Charnia","c:compostable"
"Unknown","betterend:charnia_purple",2649,"Purple Charnia","c:compostable"
"Unknown","betterend:charnia_red",2648,"Red Charnia","c:compostable"
"Unknown","betterend:chorus_grass",2596,"Chorus Grass","c:compostable"
"Unknown","betterend:chorus_mushroom_seed",2642,"Chorus Mushroom Seed","farm_and_charm:seeds, bakery:seeds, untitledduckmod:goose_food, c:compostable, untitledduckmod:goose_breeding_food, untitledduckmod:duck_breeding_food, untitledduckmod:duck_food, c:seeds, brewery:seeds"
"Unknown","betterend:clawfern",2609,"Clawfern","c:compostable"
"Unknown","betterend:creeping_moss",2595,"Creeping Moss","c:compostable"
"Unknown","betterend:crystal_grass",2598,"Crystal Grass","c:compostable"
"Unknown","betterend:crystal_moss_cover",2617,"Crystal Moss Cover","c:compostable"
"Unknown","betterend:cyan_moss",2681,"Cyan Moss","c:compostable"
"Unknown","betterend:dense_vine",2687,"Dense Vine","c:compostable"
"Unknown","betterend:dragon_tree_sapling",2426,"Dragon Tree Sapling","minecraft:saplings, c:saplings, c:compostable, supplementaries:flower_box_plantable"
"Unknown","betterend:end_lily_seed",2654,"End Lily Seed","farm_and_charm:seeds, bakery:seeds, untitledduckmod:goose_food, c:compostable, untitledduckmod:goose_breeding_food, untitledduckmod:duck_breeding_food, untitledduckmod:duck_food, c:seeds, brewery:seeds"
"Unknown","betterend:end_lotus_seed",2372,"Endlotus Seed","farm_and_charm:seeds, bakery:seeds, untitledduckmod:goose_food, c:compostable, untitledduckmod:goose_breeding_food, untitledduckmod:duck_breeding_food, untitledduckmod:duck_food, c:seeds, brewery:seeds"
"Unknown","betterend:filalux",2694,"Filalux","c:compostable"
"Unknown","betterend:flamaea",2674,"Flamaea","c:compostable"
"Unknown","betterend:flammalix",2616,"Flammalix","c:compostable"
"Unknown","betterend:fracturn",2608,"Fracturn","c:compostable"
"Unknown","betterend:globulagus",2610,"Globulagus","c:compostable"
"Unknown","betterend:glowing_pillar_seed",2622,"Glowing Pillar Seed","farm_and_charm:seeds, bakery:seeds, untitledduckmod:goose_food, c:compostable, untitledduckmod:goose_breeding_food, untitledduckmod:duck_breeding_food, untitledduckmod:duck_food, c:seeds, brewery:seeds"
"Unknown","betterend:helix_tree_sapling",2482,"Helix Tree Sapling","minecraft:saplings, c:saplings, c:compostable, supplementaries:flower_box_plantable"
"Unknown","betterend:hydralux_sapling",2655,"Hydralux Sapling","minecraft:saplings, c:saplings, c:compostable, supplementaries:flower_box_plantable"
"Unknown","betterend:inflexia",2615,"Inflexia","c:compostable"
"Unknown","betterend:jungle_fern",2685,"Jungle Fern","c:compostable"
"Unknown","betterend:jungle_grass",2604,"Jungle Grass","c:compostable"
"Unknown","betterend:jungle_vine",2691,"Jungle Vine","c:compostable"
"Unknown","betterend:lacugrove_sapling",2399,"Lacugrove Sapling","minecraft:saplings, c:saplings, c:compostable, supplementaries:flower_box_plantable"
"Unknown","betterend:lamellarium",2614,"Lamellarium","c:compostable"
"Unknown","betterend:lanceleaf_seed",2621,"Lanceleaf Seed","farm_and_charm:seeds, bakery:seeds, untitledduckmod:goose_food, c:compostable, untitledduckmod:goose_breeding_food, untitledduckmod:duck_breeding_food, untitledduckmod:duck_food, c:seeds, brewery:seeds"
"Unknown","betterend:lucernia_sapling",2564,"Lucernia Sapling","minecraft:saplings, c:saplings, c:compostable, supplementaries:flower_box_plantable"
"Unknown","betterend:lumecorn_seed",2627,"Lumecorn Seed","farm_and_charm:seeds, bakery:seeds, untitledduckmod:goose_food, c:compostable, untitledduckmod:goose_breeding_food, untitledduckmod:duck_breeding_food, untitledduckmod:duck_food, c:seeds, brewery:seeds"
"Unknown","betterend:lutebus",2613,"Lutebus","c:compostable"
"Unknown","betterend:magnula",2693,"Magnula","c:compostable"
"Unknown","betterend:mossy_glowshroom_sapling",2316,"Mossy Glowshroom Sapling","minecraft:saplings, c:saplings, c:compostable, supplementaries:flower_box_plantable"
"Unknown","betterend:murkweed",2676,"Murkweed",""
"Unknown","betterend:needlegrass",2677,"Needlegrass",""
"Unknown","betterend:orango",2611,"Orango","c:compostable"
"Unknown","betterend:pond_anemone",2673,"Pond Anemone","c:compostable"
"Unknown","betterend:purple_polypore",2678,"Purple Polypore",""
"Unknown","betterend:pythadendron_sapling",2345,"Pythadendron Sapling","minecraft:saplings, c:saplings, c:compostable, supplementaries:flower_box_plantable"
"Unknown","betterend:rubinea",2692,"Rubinea","c:compostable"
"Unknown","betterend:ruscus",2686,"Ruscus","c:compostable"
"Unknown","betterend:salteago",2606,"Salteago","c:compostable"
"Unknown","betterend:shadow_berry",2639,"Shadow Berry Seeds","farm_and_charm:seeds, bakery:seeds, untitledduckmod:goose_food, c:compostable, untitledduckmod:goose_breeding_food, untitledduckmod:duck_breeding_food, untitledduckmod:duck_food, c:seeds, brewery:seeds"
"Unknown","betterend:shadow_plant",2599,"Shadow Plant","c:compostable"
"Unknown","betterend:small_amaranita_mushroom",2628,"Small Amaranita Mushroom","c:compostable"
"Unknown","betterend:small_jellyshroom",2625,"Small Jellyshroom","c:compostable"
"Unknown","betterend:tail_moss",2680,"Tail Moss","c:compostable"
"Unknown","betterend:tenanea_flowers",2455,"Tenanea Flowers","c:compostable"
"Unknown","betterend:tenanea_sapling",2453,"Tenanea Sapling","minecraft:saplings, c:saplings, c:compostable, supplementaries:flower_box_plantable"
"Unknown","betterend:tube_worm",2683,"Tube Worm","c:compostable"
"Unknown","betterend:twisted_moss",2682,"Twisted Moss","c:compostable"
"Unknown","betterend:twisted_umbrella_moss",2602,"Twisted Umbrella Moss","c:compostable"
"Unknown","betterend:twisted_umbrella_moss_tall",2603,"Twisted Umbrella Moss Tall","c:compostable"
"Unknown","betterend:twisted_vine",2688,"Twisted Vine","c:compostable"
"Unknown","betterend:umbrella_moss",2593,"Umbrella Moss","c:compostable"
"Unknown","betterend:umbrella_moss_tall",2594,"Tall Umbrella Moss","c:compostable"
"Unknown","betterend:umbrella_tree_sapling",2509,"Umbrella Tree Sapling","minecraft:saplings, c:saplings, c:compostable, supplementaries:flower_box_plantable"
"Unknown","betterend:vaiolush_fern",2607,"Vaiolush Fern","c:compostable"
"Unknown","betternether:agave",1574,"Agave Seed","supplementaries:flower_box_plantable, c:compostable"
"Unknown","betternether:anchor_tree_sapling",1775,"Anchor Tree Sapling","minecraft:saplings, c:saplings, c:compostable, supplementaries:flower_box_plantable"
"Unknown","betternether:barrel_cactus",1575,"Barrel Cactus","c:compostable"
"Unknown","betternether:black_apple_seed",1565,"Black Apple Seed","untitledduckmod:duck_food, untitledduckmod:goose_breeding_food, c:seeds, brewery:seeds, bakery:seeds, farm_and_charm:seeds, c:compostable, supplementaries:flower_box_plantable, untitledduckmod:goose_food, untitledduckmod:duck_breeding_food"
"Unknown","betternether:black_bush",1561,"Black Bush","supplementaries:flower_box_plantable, c:compostable"
"Unknown","betternether:black_vine",1556,"Black Vine","c:compostable"
"Unknown","betternether:blooming_vine",1557,"Blooming Vine","c:compostable"
"Unknown","betternether:bone_grass",1554,"Bone Grass","supplementaries:flower_box_plantable, c:compostable"
"Unknown","betternether:ceiling_mushrooms",1603,"Ceiling Mushrooms",""
"Unknown","betternether:egg_plant",1564,"Egg Plant","supplementaries:flower_box_plantable, c:compostable"
"Unknown","betternether:eye_seed",1549,"Eye Seed","farm_and_charm:seeds, bakery:seeds, untitledduckmod:goose_food, c:compostable, untitledduckmod:goose_breeding_food, untitledduckmod:duck_breeding_food, untitledduckmod:duck_food, c:seeds, brewery:seeds"
"Unknown","betternether:feather_fern",1567,"Feather Fern","supplementaries:flower_box_plantable, c:compostable"
"Unknown","betternether:giant_mold_sapling",1547,"Giant Mold Sapling","minecraft:saplings, c:saplings, c:compostable, supplementaries:flower_box_plantable"
"Unknown","betternether:golden_lumabus_seed",1810,"Golden Lumabus Seed","farm_and_charm:seeds, bakery:seeds, untitledduckmod:goose_food, c:compostable, untitledduckmod:goose_breeding_food, untitledduckmod:duck_breeding_food, untitledduckmod:duck_food, c:seeds, brewery:seeds"
"Unknown","betternether:golden_vine",1558,"Golden Vine","c:compostable"
"Unknown","betternether:ink_bush_seed",1562,"Ink Bush Seed","untitledduckmod:duck_food, untitledduckmod:goose_breeding_food, c:seeds, brewery:seeds, bakery:seeds, farm_and_charm:seeds, c:compostable, supplementaries:flower_box_plantable, untitledduckmod:goose_food, untitledduckmod:duck_breeding_food"
"Unknown","betternether:jellyfish_mushroom_sapling",1548,"Jellyfish Mushroom Sapling","minecraft:saplings, c:saplings, c:compostable, supplementaries:flower_box_plantable"
"Unknown","betternether:jungle_grass",1598,"Jungle Grass",""
"Unknown","betternether:jungle_plant",1553,"Jungle Plant","supplementaries:flower_box_plantable, c:compostable"
"Unknown","betternether:lucis_spore",1545,"Lucis Spore","farm_and_charm:seeds, bakery:seeds, untitledduckmod:goose_food, c:compostable, untitledduckmod:goose_breeding_food, untitledduckmod:duck_breeding_food, untitledduckmod:duck_food, c:seeds, brewery:seeds"
"Unknown","betternether:lumabus_seed",1809,"Lumabus Seed","farm_and_charm:seeds, bakery:seeds, untitledduckmod:goose_food, c:compostable, untitledduckmod:goose_breeding_food, untitledduckmod:duck_breeding_food, untitledduckmod:duck_food, c:seeds, brewery:seeds"
"Unknown","betternether:magma_flower",1566,"Magma Flower Seed","supplementaries:flower_box_plantable"
"Unknown","betternether:mushroom_fir_sapling",1721,"Mushroom Fir Sapling","minecraft:saplings, c:saplings, c:compostable, supplementaries:flower_box_plantable"
"Unknown","betternether:mushroom_grass",1599,"Mushroom Grass",""
"Unknown","betternether:neon_equisetum",1569,"Neon Equisetum","c:compostable"
"Unknown","betternether:nether_grass",1550,"Nether Grass","supplementaries:flower_box_plantable, c:compostable"
"Unknown","betternether:nether_mycelium",1597,"Nether Mycelium",""
"Unknown","betternether:nether_sakura_sapling",1804,"Nether Sakura Sapling","minecraft:saplings, c:saplings, c:compostable, supplementaries:flower_box_plantable"
"Unknown","betternether:netherrack_moss",1596,"Nether Moss",""
"Unknown","betternether:orange_mushroom",1542,"Orange Mushroom","supplementaries:flower_box_plantable, c:compostable"
"Unknown","betternether:rubeus_sapling",1691,"Rubeus Sapling","minecraft:saplings, c:saplings, c:compostable, supplementaries:flower_box_plantable"
"Unknown","betternether:sepia_bone_grass",1555,"Sepian Bone Grass","supplementaries:flower_box_plantable, c:compostable"
"Unknown","betternether:sepia_mushroom_grass",1600,"Sepian Mushroom Grass",""
"Unknown","betternether:soul_grass",1552,"Soul Grass","supplementaries:flower_box_plantable, c:compostable"
"Unknown","betternether:soul_lily_sapling",1808,"Soul Lily Sapling","minecraft:saplings, c:saplings, c:compostable, supplementaries:flower_box_plantable"
"Unknown","betternether:soul_vein",1559,"Soul Vein","c:compostable"
"Unknown","betternether:stalagnate_seed",1323,"Stalagnate Seed","minecraft:saplings, c:saplings, c:compostable, supplementaries:flower_box_plantable"
"Unknown","betternether:swamp_grass",1551,"Swamp Grass","supplementaries:flower_box_plantable, c:compostable"
"Unknown","betternether:swampland_grass",1601,"Swampland Grass",""
"Unknown","betternether:wart_seed",1387,"Wart Seed","minecraft:saplings, c:saplings, c:compostable, supplementaries:flower_box_plantable"
"Unknown","betternether:whispering_gourd_vine",1571,"Whispering Gourd Seeds","c:compostable"
"Unknown","betternether:willow_sapling",1354,"Willow Sapling","minecraft:saplings, c:saplings, c:compostable, supplementaries:flower_box_plantable"
"Unknown","blockus:legacy_sapling",4291,"Sapling",""
"Unknown","blockus:rainbow_petal",3282,"Rainbow Petals",""
"Unknown","blockus:rainbow_rose",3281,"Rainbow Rose","minecraft:flowers, meadow:small_flower, bloomingnature:small_flower, supplementaries:flower_box_plantable, minecraft:small_flowers"
"Unknown","blockus:white_oak_sapling",3342,"White Oak Sapling","supplementaries:flower_box_plantable, minecraft:saplings"
"Unknown","bloomingnature:aspen_sapling",4525,"Aspen Sapling","minecraft:saplings, sereneseasons:autumn_crops, supplementaries:flower_box_plantable, sereneseasons:spring_crops"
"Unknown","bloomingnature:baobab_sapling",4492,"Baobab Sapling","minecraft:saplings, sereneseasons:summer_crops, supplementaries:flower_box_plantable, sereneseasons:spring_crops"
"Unknown","bloomingnature:beach_bush_tall",4733,"Tall Beach Bush","meadow:big_flower, supplementaries:flower_box_plantable, minecraft:tall_flowers, minecraft:flowers"
"Unknown","bloomingnature:cardinal",4736,"Cardinal","meadow:big_flower, supplementaries:flower_box_plantable, minecraft:tall_flowers, minecraft:flowers"
"Unknown","bloomingnature:cattail",4734,"Cattail",""
"Unknown","bloomingnature:chestnut_sapling",4605,"Chestnut Sapling","minecraft:saplings, sereneseasons:summer_crops, supplementaries:flower_box_plantable, sereneseasons:spring_crops, sereneseasons:autumn_crops"
"Unknown","bloomingnature:ebony_sapling",4589,"Ebony Sapling","minecraft:saplings, sereneseasons:summer_crops, supplementaries:flower_box_plantable, sereneseasons:spring_crops, sereneseasons:autumn_crops"
"Unknown","bloomingnature:fan_palm_sprout",4541,"Fan Palm Sprout","supplementaries:flower_box_plantable, minecraft:saplings"
"Unknown","bloomingnature:fir_sapling",4557,"Fir Sapling","sereneseasons:winter_crops, minecraft:saplings, supplementaries:flower_box_plantable"
"Unknown","bloomingnature:forest_moss",4701,"Forest Moss",""
"Unknown","bloomingnature:larch_sapling",4476,"Larch Sapling","minecraft:saplings, sereneseasons:autumn_crops, supplementaries:flower_box_plantable, sereneseasons:spring_crops"
"Unknown","bloomingnature:mossgrass",4748,"Mossgrass",""
"Unknown","bloomingnature:mossy_laterit",4634,"Mossy Laterit",""
"Unknown","bloomingnature:red_oat_grass",4743,"Red Oat Grass",""
"Unknown","bloomingnature:reed",4735,"Reed",""
"Unknown","bloomingnature:silkgrass",4746,"Silkgrass",""
"Unknown","bloomingnature:sungrass",4742,"Sungrass",""
"Unknown","bloomingnature:swamp_cypress_sapling",4573,"Swamp Cypress Sapling","minecraft:saplings, sereneseasons:summer_crops, supplementaries:flower_box_plantable, sereneseasons:spring_crops, sereneseasons:autumn_crops"
"Unknown","bloomingnature:swamp_oak_sapling",4509,"Swamp Oak Sapling","minecraft:saplings, sereneseasons:summer_crops, supplementaries:flower_box_plantable, sereneseasons:spring_crops"
"Unknown","bloomingnature:tall_lupine_blue",4729,"Tall Lupine Blue","meadow:big_flower, supplementaries:flower_box_plantable, minecraft:tall_flowers, minecraft:flowers"
"Unknown","bloomingnature:tall_lupine_purple",4730,"Tall Lupine Purple","meadow:big_flower, supplementaries:flower_box_plantable, minecraft:tall_flowers, minecraft:flowers"
"Unknown","bloomingnature:tall_mountain_laurel",4737,"Tall Mountain Laurel","meadow:big_flower, supplementaries:flower_box_plantable, minecraft:tall_flowers, minecraft:flowers"
"Unknown","bloomingnature:wild_sunflower",4738,"Wild Sunflower","meadow:big_flower, supplementaries:flower_box_plantable, minecraft:tall_flowers, minecraft:flowers"
"Unknown","brewery:hops_seeds",4819,"Hops Seeds","c:seeds, sereneseasons:autumn_crops, c:seeds/hops, untitledduckmod:goose_breeding_food, untitledduckmod:duck_food, farm_and_charm:seeds, forge:seeds, sereneseasons:summer_crops, bakery:seeds, brewery:seeds, forge:seeds/hops, untitledduckmod:duck_breeding_food, untitledduckmod:goose_food"
"Unknown","candlelight:rose",4978,"Rose","minecraft:flowers, meadow:small_flower, bloomingnature:small_flower, supplementaries:flower_box_plantable, minecraft:small_flowers"
"Unknown","ecologics:azalea_flower",12309,"Azalea Flower","minecraft:flowers, meadow:small_flower, supplementaries:flower_box_plantable, minecraft:small_flowers, bloomingnature:small_flower, minecraft:saplings"
"Unknown","ecologics:coconut_seedling",12255,"Coconut Seedling","supplementaries:flower_box_plantable, minecraft:saplings"
"Unknown","ecologics:surface_moss",12310,"Surface Moss",""
"Unknown","ecologics:walnut_sapling",12286,"Walnut Sapling","supplementaries:flower_box_plantable, minecraft:saplings"
"Unknown","farm_and_charm:barley_seeds",16899,"Barley Seeds","niftycarts:seed_drill_plantable, bakery:seeds, forge:seeds, brewery:seeds, untitledduckmod:goose_breeding_food, sereneseasons:summer_crops, untitledduckmod:duck_food, farm_and_charm:feeding_trough_fodder, sereneseasons:autumn_crops, farm_and_charm:seeds, c:seeds, untitledduckmod:goose_food, untitledduckmod:duck_breeding_food, minecraft:villager_plantable_seeds"
"Unknown","farm_and_charm:kernels",16900,"Corn Kernels","c:seeds, niftycarts:seed_drill_plantable, farm_and_charm:feeding_trough_fodder, minecraft:villager_plantable_seeds, untitledduckmod:goose_breeding_food, untitledduckmod:duck_food, farm_and_charm:seeds, forge:seeds, sereneseasons:summer_crops, bakery:seeds, brewery:seeds, untitledduckmod:duck_breeding_food, untitledduckmod:goose_food"
"Unknown","farm_and_charm:lettuce_seeds",16896,"Lettuce Seeds","niftycarts:seed_drill_plantable, sereneseasons:spring_crops, bakery:seeds, forge:seeds, brewery:seeds, untitledduckmod:goose_breeding_food, sereneseasons:summer_crops, untitledduckmod:duck_food, farm_and_charm:feeding_trough_fodder, farm_and_charm:seeds, c:seeds, untitledduckmod:goose_food, untitledduckmod:duck_breeding_food, minecraft:villager_plantable_seeds"
"Unknown","farm_and_charm:oat_seeds",16898,"Oat Seeds","niftycarts:seed_drill_plantable, bakery:seeds, forge:seeds, brewery:seeds, untitledduckmod:goose_breeding_food, sereneseasons:summer_crops, untitledduckmod:duck_food, farm_and_charm:feeding_trough_fodder, sereneseasons:autumn_crops, farm_and_charm:seeds, c:seeds, untitledduckmod:goose_food, untitledduckmod:duck_breeding_food, minecraft:villager_plantable_seeds"
"Unknown","farm_and_charm:onion",16901,"Onion","farm_and_charm:vegetables, sereneseasons:spring_crops, bakery:seeds, diet:vegetables, untitledduckmod:goose_breeding_food, untitledduckmod:duck_food, niftycarts:seed_drill_plantable, farm_and_charm:onion, c:crops/onion, untitledduckmod:goose_food, untitledduckmod:duck_breeding_food, sereneseasons:autumn_crops, farm_and_charm:crops, forge:crops/onion, forge:crops, wildernature:can_be_truffled, farm_and_charm:feeding_trough_fodder, forge:vegetables, forge:seeds, farm_and_charm:seeds, minecraft:villager_plantable_seeds, c:crops, sereneseasons:summer_crops, c:vegetables, c:seeds, brewery:seeds, brewinandchewin:pizza_toppings"
"Unknown","farm_and_charm:strawberry_seeds",16897,"Strawberry Seeds","c:seeds, minecraft:villager_plantable_seeds, farm_and_charm:feeding_trough_fodder, sereneseasons:spring_crops, untitledduckmod:goose_breeding_food, untitledduckmod:duck_food, farm_and_charm:seeds, forge:seeds, sereneseasons:summer_crops, bakery:seeds, brewery:seeds, untitledduckmod:duck_breeding_food, untitledduckmod:goose_food"
"Unknown","farm_and_charm:tomato_seeds",16895,"Tomato Seeds","sereneseasons:summer_crops, untitledduckmod:goose_food, forge:seeds, farm_and_charm:feeding_trough_fodder, brewery:seeds, c:seeds, untitledduckmod:duck_breeding_food, untitledduckmod:duck_food, bakery:seeds, minecraft:villager_plantable_seeds, farm_and_charm:seeds, untitledduckmod:goose_breeding_food"
"Unknown","farm_and_charm:wild_barley",16906,"Wild Barley","minecraft:flowers, meadow:small_flower, bloomingnature:small_flower, supplementaries:flower_box_plantable, minecraft:small_flowers"
"Unknown","farm_and_charm:wild_beetroots",16909,"Wild Beetroots","minecraft:flowers, meadow:small_flower, bloomingnature:small_flower, supplementaries:flower_box_plantable, minecraft:small_flowers"
"Unknown","farm_and_charm:wild_carrots",16908,"Wild Carrots","minecraft:flowers, meadow:small_flower, bloomingnature:small_flower, supplementaries:flower_box_plantable, minecraft:small_flowers"
"Unknown","farm_and_charm:wild_corn",16905,"Wild Corn","minecraft:flowers, meadow:small_flower, bloomingnature:small_flower, supplementaries:flower_box_plantable, minecraft:small_flowers"
"Unknown","farm_and_charm:wild_emmer",16904,"Wild Emmer","minecraft:flowers, meadow:small_flower, bloomingnature:small_flower, supplementaries:flower_box_plantable, minecraft:small_flowers"
"Unknown","farm_and_charm:wild_lettuce",16912,"Wild Lettuce","minecraft:flowers, meadow:small_flower, bloomingnature:small_flower, supplementaries:flower_box_plantable, minecraft:small_flowers"
"Unknown","farm_and_charm:wild_nettle",16903,"Wild Nettle","minecraft:flowers, meadow:small_flower, bloomingnature:small_flower, supplementaries:flower_box_plantable, minecraft:small_flowers"
"Unknown","farm_and_charm:wild_oat",16907,"Wild Oat","minecraft:flowers, meadow:small_flower, bloomingnature:small_flower, supplementaries:flower_box_plantable, minecraft:small_flowers"
"Unknown","farm_and_charm:wild_onions",16913,"Wild Onions","minecraft:flowers, meadow:small_flower, bloomingnature:small_flower, supplementaries:flower_box_plantable, minecraft:small_flowers"
"Unknown","farm_and_charm:wild_potatoes",16910,"Wild Potatoes","minecraft:flowers, meadow:small_flower, bloomingnature:small_flower, supplementaries:flower_box_plantable, minecraft:small_flowers"
"Unknown","farm_and_charm:wild_ribwort",16902,"Wild Ribwort","minecraft:flowers, meadow:small_flower, bloomingnature:small_flower, supplementaries:flower_box_plantable, minecraft:small_flowers"
"Unknown","farm_and_charm:wild_strawberries",16914,"Wild Strawberries","minecraft:flowers, meadow:small_flower, bloomingnature:small_flower, supplementaries:flower_box_plantable, minecraft:small_flowers"
"Unknown","farm_and_charm:wild_tomatoes",16911,"Wild Tomatoes","minecraft:flowers, meadow:small_flower, bloomingnature:small_flower, supplementaries:flower_box_plantable, minecraft:small_flowers"
"Unknown","farmersdelight:brown_mushroom_colony",17061,"Brown Mushroom Colony","supplementaries:flower_box_plantable, createaddition:plants"
"Unknown","farmersdelight:cabbage_seeds",17068,"Cabbage Seeds","c:seeds, sereneseasons:autumn_crops, farm_and_charm:feeding_trough_fodder, minecraft:villager_plantable_seeds, sereneseasons:winter_crops, untitledduckmod:goose_breeding_food, untitledduckmod:duck_food, c:seeds/cabbage, farm_and_charm:seeds, bakery:seeds, brewery:seeds, untitledduckmod:duck_breeding_food, untitledduckmod:goose_food"
"Unknown","farmersdelight:onion",17065,"Onion","minecraft:villager_plantable_seeds, sereneseasons:spring_crops, c:foods/vegetables/onions, c:foods, c:foods/vegetables/onion, farm_and_charm:crops, farm_and_charm:feeding_trough_fodder, c:crops, sereneseasons:autumn_crops, c:vegetables/onion, tconstruct:seeds, c:foods/vegetables, c:crops/onion, farm_and_charm:onion"
"Unknown","farmersdelight:red_mushroom_colony",17062,"Red Mushroom Colony","supplementaries:flower_box_plantable, createaddition:plants"
"Unknown","farmersdelight:rice",17067,"Rice","c:crops/rice, bakery:seeds, untitledduckmod:duck_food, c:grains/rices, farm_and_charm:seeds, untitledduckmod:goose_breeding_food, c:seeds, c:seeds/rice, sereneseasons:summer_crops, c:grain/rice, untitledduckmod:duck_breeding_food, c:grains, farm_and_charm:grain, c:grains/rice, untitledduckmod:goose_food, sereneseasons:autumn_crops, brewery:seeds"
"Unknown","farmersdelight:sandy_shrub",17053,"Sandy Shrub","createaddition:plants"
"Unknown","farmersdelight:tomato_seeds",17069,"Tomato Seeds","sereneseasons:summer_crops, untitledduckmod:goose_food, c:seeds/tomato, farm_and_charm:feeding_trough_fodder, brewery:seeds, c:seeds, untitledduckmod:duck_breeding_food, untitledduckmod:duck_food, bakery:seeds, minecraft:villager_plantable_seeds, farm_and_charm:seeds, untitledduckmod:goose_breeding_food"
"Unknown","farmersdelight:wild_beetroots",17059,"Sea Beet","minecraft:flowers, meadow:small_flower, farmersdelight:wild_crops, supplementaries:flower_box_plantable, minecraft:small_flowers, bloomingnature:small_flower"
"Unknown","farmersdelight:wild_cabbages",17054,"Wild Cabbage","minecraft:flowers, meadow:small_flower, farmersdelight:wild_crops, supplementaries:flower_box_plantable, minecraft:small_flowers, bloomingnature:small_flower"
"Unknown","farmersdelight:wild_carrots",17057,"Wild Carrot","minecraft:flowers, meadow:small_flower, farmersdelight:wild_crops, supplementaries:flower_box_plantable, minecraft:small_flowers, bloomingnature:small_flower"
"Unknown","farmersdelight:wild_onions",17055,"Wild Onion","minecraft:flowers, meadow:small_flower, farmersdelight:wild_crops, supplementaries:flower_box_plantable, minecraft:small_flowers, bloomingnature:small_flower"
"Unknown","farmersdelight:wild_potatoes",17058,"Wild Potato","minecraft:flowers, meadow:small_flower, farmersdelight:wild_crops, supplementaries:flower_box_plantable, minecraft:small_flowers, bloomingnature:small_flower"
"Unknown","farmersdelight:wild_rice",17060,"Wild Rice","farmersdelight:wild_crops, minecraft:flowers, meadow:big_flower, supplementaries:flower_box_plantable, minecraft:tall_flowers"
"Unknown","farmersdelight:wild_tomatoes",17056,"Tomato Shrub","minecraft:flowers, meadow:small_flower, farmersdelight:wild_crops, supplementaries:flower_box_plantable, minecraft:small_flowers, bloomingnature:small_flower"
"Unknown","galosphere:bowl_lichen",20791,"Bowl Lichen",""
"Unknown","galosphere:lichen_cordyceps",20834,"Lichen Cordyceps","c:foods"
"Unknown","galosphere:opal_sapling",20819,"Opal Sapling",""
"Unknown","herbalbrews:coffee_beans",21207,"Coffee Beans","sereneseasons:autumn_crops"
"Unknown","herbalbrews:hibiscus",21192,"Hibiscus","minecraft:flowers, meadow:small_flower, supplementaries:flower_box_plantable, minecraft:small_flowers, sereneseasons:summer_crops, bloomingnature:small_flower"
"Unknown","herbalbrews:lavender",21193,"Lavender","minecraft:flowers, bloomingnature:small_flower, supplementaries:flower_box_plantable, minecraft:small_flowers, meadow:small_flower, sereneseasons:spring_crops, sereneseasons:summer_crops"
"Unknown","herbalbrews:rooibos_leaf",21202,"Rooibos Leaf","sereneseasons:autumn_crops"
"Unknown","herbalbrews:tea_blossom",21199,"Tea Blossom","sereneseasons:summer_crops, sereneseasons:spring_crops"
"Unknown","herbalbrews:yerba_mate_leaf",21201,"Yerba Mate Leaf","sereneseasons:autumn_crops"
"Unknown","hybrid-aquatic:bull_kelp",21255,"Bull Kelp","hybrid-aquatic:kelps"
"Unknown","hybrid-aquatic:dunegrass",21531,"Dunegrass",""
"Unknown","hybrid-aquatic:red_algae",21259,"Red Algae",""
"Unknown","hybrid-aquatic:sargassum",21254,"Sargassum","hybrid-aquatic:kelps"
"Unknown","hybrid-aquatic:sea_lettuce",21260,"Sea Lettuce",""
"Unknown","hybrid-aquatic:tube_worm",21262,"Tube Worm",""
"Unknown","meadow:eriophorum_tall",23536,"Tall Eriophorum","meadow:big_flower, supplementaries:flower_box_plantable, minecraft:tall_flowers, minecraft:flowers"
"Unknown","meadow:pine_sapling",23529,"Pine Sapling","minecraft:flowers, bloomingnature:small_flower, supplementaries:flower_box_plantable, sereneseasons:winter_crops, meadow:small_flower, minecraft:small_flowers, minecraft:saplings"
"Unknown","nethervinery:crimson_grape_seeds",23713,"Crimson Grape Seeds","sereneseasons:summer_crops"
"Unknown","nethervinery:obsidian_stem",23710,"Obsidian Stem",""
"Unknown","nethervinery:warped_grape_seeds",23715,"Warped Grape Seeds","sereneseasons:autumn_crops"
"Unknown","ribbits:giant_lilypad",23968,"Lush Lily Pad",""
"Unknown","ribbits:swamp_daisy",23979,"Swamp Daisy","minecraft:flowers, meadow:small_flower, bloomingnature:small_flower, supplementaries:flower_box_plantable, minecraft:small_flowers"
"Unknown","ribbits:toadstool",23980,"Toadstool",""
"Unknown","ribbits:umbrella_leaf",23987,"Umbrella Leaf",""
"Unknown","serene_shrubbery:blanketflower",24040,"Blanketflower","minecraft:flowers, meadow:small_flower, supplementaries:flower_box_plantable, minecraft:small_flowers, bloomingnature:small_flower, serene_shrubbery:every_flower"
"Unknown","serene_shrubbery:blue_frost_pansies",24001,"Blue Frost Pansies","minecraft:flowers, meadow:small_flower, supplementaries:flower_box_plantable, minecraft:small_flowers, bloomingnature:small_flower, serene_shrubbery:every_flower"
"Unknown","serene_shrubbery:blue_liverwort",24035,"Blue Liverwort","minecraft:flowers, meadow:small_flower, supplementaries:flower_box_plantable, minecraft:small_flowers, bloomingnature:small_flower, serene_shrubbery:every_flower"
"Unknown","serene_shrubbery:butterfly_bush",24042,"Butterfly Bush","minecraft:flowers, meadow:small_flower, supplementaries:flower_box_plantable, minecraft:small_flowers, bloomingnature:small_flower, serene_shrubbery:every_flower"
"Unknown","serene_shrubbery:candy_mountain_foxglove",24027,"Candy Mountain Foxglove","minecraft:flowers, meadow:small_flower, supplementaries:flower_box_plantable, minecraft:small_flowers, bloomingnature:small_flower, serene_shrubbery:every_flower"
"Unknown","serene_shrubbery:fireweed",24041,"Fireweed","minecraft:flowers, meadow:small_flower, supplementaries:flower_box_plantable, minecraft:small_flowers, bloomingnature:small_flower, serene_shrubbery:every_flower"
"Unknown","serene_shrubbery:golden_lupine",24032,"Golden Lupine","minecraft:flowers, meadow:small_flower, supplementaries:flower_box_plantable, minecraft:small_flowers, bloomingnature:small_flower, serene_shrubbery:every_flower"
"Unknown","serene_shrubbery:halloween_foxglove",24026,"Halloween Foxglove","minecraft:flowers, meadow:small_flower, supplementaries:flower_box_plantable, minecraft:small_flowers, bloomingnature:small_flower, serene_shrubbery:every_flower"
"Unknown","serene_shrubbery:halloween_hydrangea",24021,"Halloween Hydrangea","minecraft:flowers, meadow:small_flower, supplementaries:flower_box_plantable, minecraft:small_flowers, bloomingnature:small_flower, serene_shrubbery:every_flower"
"Unknown","serene_shrubbery:halloween_pansies",24004,"Halloween Pansies","minecraft:flowers, meadow:small_flower, supplementaries:flower_box_plantable, minecraft:small_flowers, bloomingnature:small_flower, serene_shrubbery:every_flower"
"Unknown","serene_shrubbery:hydrangea",24016,"Blue Hydrangea","minecraft:flowers, meadow:small_flower, supplementaries:flower_box_plantable, minecraft:small_flowers, bloomingnature:small_flower, serene_shrubbery:every_flower"
"Unknown","serene_shrubbery:lavender_foxglove",24028,"Lavender Foxglove","minecraft:flowers, meadow:small_flower, supplementaries:flower_box_plantable, minecraft:small_flowers, bloomingnature:small_flower, serene_shrubbery:every_flower"
"Unknown","serene_shrubbery:lupine_pink",24029,"Pink Lupine","minecraft:flowers, meadow:small_flower, supplementaries:flower_box_plantable, minecraft:small_flowers, bloomingnature:small_flower, serene_shrubbery:every_flower"
"Unknown","serene_shrubbery:lupine_white",24030,"White Lupine","minecraft:flowers, meadow:small_flower, supplementaries:flower_box_plantable, minecraft:small_flowers, bloomingnature:small_flower, serene_shrubbery:every_flower"
"Unknown","serene_shrubbery:manhattan_lights_lupine",24034,"Manhattan Lights Lupine","minecraft:flowers, meadow:small_flower, supplementaries:flower_box_plantable, minecraft:small_flowers, bloomingnature:small_flower, serene_shrubbery:every_flower"
"Unknown","serene_shrubbery:orange_crown_cactus",24038,"Orange Crown Cactus","minecraft:flowers, meadow:small_flower, supplementaries:flower_box_plantable, minecraft:small_flowers, bloomingnature:small_flower, serene_shrubbery:every_flower"
"Unknown","serene_shrubbery:orange_pansies",23998,"Orange Pansies","minecraft:flowers, meadow:small_flower, supplementaries:flower_box_plantable, minecraft:small_flowers, bloomingnature:small_flower, serene_shrubbery:every_flower"
"Unknown","serene_shrubbery:panola_pink_pansies",24002,"Panola Pink Pansies","minecraft:flowers, meadow:small_flower, supplementaries:flower_box_plantable, minecraft:small_flowers, bloomingnature:small_flower, serene_shrubbery:every_flower"
"Unknown","serene_shrubbery:peach_foxglove",24024,"Peachy Foxglove","minecraft:flowers, meadow:small_flower, supplementaries:flower_box_plantable, minecraft:small_flowers, bloomingnature:small_flower, serene_shrubbery:every_flower"
"Unknown","serene_shrubbery:pink_crown_cactus",24039,"Pink Crown Cactus","minecraft:flowers, meadow:small_flower, supplementaries:flower_box_plantable, minecraft:small_flowers, bloomingnature:small_flower, serene_shrubbery:every_flower"
"Unknown","serene_shrubbery:pink_hydrangea",24017,"Pink Hydrangea","minecraft:flowers, meadow:small_flower, supplementaries:flower_box_plantable, minecraft:small_flowers, bloomingnature:small_flower, serene_shrubbery:every_flower"
"Unknown","serene_shrubbery:pink_pansies",23999,"Pink Pansies","minecraft:flowers, meadow:small_flower, supplementaries:flower_box_plantable, minecraft:small_flowers, bloomingnature:small_flower, serene_shrubbery:every_flower"
"Unknown","serene_shrubbery:purple_foxglove",24023,"Purple Foxglove","minecraft:flowers, meadow:small_flower, supplementaries:flower_box_plantable, minecraft:small_flowers, bloomingnature:small_flower, serene_shrubbery:every_flower"
"Unknown","serene_shrubbery:purple_hydrangea",24018,"Purple Hydrangea","minecraft:flowers, meadow:small_flower, supplementaries:flower_box_plantable, minecraft:small_flowers, bloomingnature:small_flower, serene_shrubbery:every_flower"
"Unknown","serene_shrubbery:purple_liverwort",24036,"Purple Liverwort","minecraft:flowers, meadow:small_flower, supplementaries:flower_box_plantable, minecraft:small_flowers, bloomingnature:small_flower, serene_shrubbery:every_flower"
"Unknown","serene_shrubbery:purple_lupine",24031,"Violet Lupine","minecraft:flowers, meadow:small_flower, supplementaries:flower_box_plantable, minecraft:small_flowers, bloomingnature:small_flower, serene_shrubbery:every_flower"
"Unknown","serene_shrubbery:purple_pansies",24000,"Purple Pansies","minecraft:flowers, meadow:small_flower, supplementaries:flower_box_plantable, minecraft:small_flowers, bloomingnature:small_flower, serene_shrubbery:every_flower"
"Unknown","serene_shrubbery:red_hydrangea",24019,"Red Hydrangea","minecraft:flowers, meadow:small_flower, supplementaries:flower_box_plantable, minecraft:small_flowers, bloomingnature:small_flower, serene_shrubbery:every_flower"
"Unknown","serene_shrubbery:red_pansies",23995,"Red Pansies","minecraft:flowers, meadow:small_flower, supplementaries:flower_box_plantable, minecraft:small_flowers, bloomingnature:small_flower, serene_shrubbery:every_flower"
"Unknown","serene_shrubbery:sky_blue_lupine",24033,"Sky Blue Lupine","minecraft:flowers, meadow:small_flower, supplementaries:flower_box_plantable, minecraft:small_flowers, bloomingnature:small_flower, serene_shrubbery:every_flower"
"Unknown","serene_shrubbery:sunrise_pansies",24003,"Sunrise Pansies","minecraft:flowers, meadow:small_flower, supplementaries:flower_box_plantable, minecraft:small_flowers, bloomingnature:small_flower, serene_shrubbery:every_flower"
"Unknown","serene_shrubbery:sunset_foxglove",24025,"Sunrise Foxglove","minecraft:flowers, meadow:small_flower, supplementaries:flower_box_plantable, minecraft:small_flowers, bloomingnature:small_flower, serene_shrubbery:every_flower"
"Unknown","serene_shrubbery:twinflower",24043,"Twinflower","minecraft:flowers, meadow:small_flower, supplementaries:flower_box_plantable, minecraft:small_flowers, bloomingnature:small_flower, serene_shrubbery:every_flower"
"Unknown","serene_shrubbery:white_foxglove",24022,"White Foxglove","minecraft:flowers, meadow:small_flower, supplementaries:flower_box_plantable, minecraft:small_flowers, bloomingnature:small_flower, serene_shrubbery:every_flower"
"Unknown","serene_shrubbery:white_hydrangea",24020,"White Hydrangea","minecraft:flowers, meadow:small_flower, supplementaries:flower_box_plantable, minecraft:small_flowers, bloomingnature:small_flower, serene_shrubbery:every_flower"
"Unknown","serene_shrubbery:white_liverwort",24037,"Pink Liverwort","minecraft:flowers, meadow:small_flower, supplementaries:flower_box_plantable, minecraft:small_flowers, bloomingnature:small_flower, serene_shrubbery:every_flower"
"Unknown","serene_shrubbery:white_pansies",23996,"White Pansies","minecraft:flowers, meadow:small_flower, supplementaries:flower_box_plantable, minecraft:small_flowers, bloomingnature:small_flower, serene_shrubbery:every_flower"
"Unknown","serene_shrubbery:yellow_pansies",23997,"Yellow Pansies","minecraft:flowers, meadow:small_flower, supplementaries:flower_box_plantable, minecraft:small_flowers, bloomingnature:small_flower, serene_shrubbery:every_flower"
"Unknown","supplementaries:flax_seeds",25482,"Flax Seeds","farm_and_charm:feeding_trough_fodder, supplementaries:flower_box_plantable, minecraft:villager_plantable_seeds, sereneseasons:spring_crops"
"Unknown","supplementaries:wild_flax",25483,"Wild Flax","supplementaries:flower_box_plantable, minecraft:flowers"
"Unknown","vinery:acacia_lattice",24779,"Acacia Lattice","vinery:lattice"
"Unknown","vinery:apple_leaves",24678,"Apple Leaves","minecraft:completes_find_tree_tutorial, minecraft:leaves"
"Unknown","vinery:apple_tree_sapling",24673,"Apple Tree Sapling","minecraft:saplings, sereneseasons:summer_crops, supplementaries:flower_box_plantable, sereneseasons:spring_crops"
"Unknown","vinery:bamboo_lattice",24780,"Bamboo Lattice","vinery:lattice"
"Unknown","vinery:birch_lattice",24777,"Birch Lattice","vinery:lattice"
"Unknown","vinery:cherry_lattice",24776,"Cherry Lattice","vinery:lattice"
"Unknown","vinery:dark_cherry_lattice",24783,"Dark Cherry Lattice",""
"Unknown","vinery:dark_cherry_leaves",24677,"Dark Cherry Leaves","minecraft:completes_find_tree_tutorial, minecraft:leaves"
"Unknown","vinery:dark_cherry_sapling",24672,"Dark Cherry Sapling","minecraft:saplings, sereneseasons:summer_crops, supplementaries:flower_box_plantable, sereneseasons:spring_crops"
"Unknown","vinery:dark_oak_lattice",24778,"Dark Oak Lattice","vinery:lattice"
"Unknown","vinery:grapevine_stem",24731,"Grapevine Stem",""
"Unknown","vinery:grass_slab",24718,"Grass Slab",""
"Unknown","vinery:jungle_grape_seeds_red",24668,"Red Jungle Grape Seeds","sereneseasons:summer_crops, untitledduckmod:goose_food, forge:seeds, vinery:grape_seeds, c:seeds, brewery:seeds, untitledduckmod:duck_breeding_food, untitledduckmod:duck_food, bakery:seeds, vinery:jungle_grape_seeds, farm_and_charm:seeds, untitledduckmod:goose_breeding_food"
"Unknown","vinery:jungle_grape_seeds_white",24670,"White Jungle Grape Seeds","sereneseasons:summer_crops, untitledduckmod:goose_food, forge:seeds, vinery:grape_seeds, c:seeds, brewery:seeds, untitledduckmod:duck_breeding_food, untitledduckmod:duck_food, bakery:seeds, vinery:jungle_grape_seeds, farm_and_charm:seeds, untitledduckmod:goose_breeding_food"
"Unknown","vinery:jungle_lattice",24781,"Jungle Lattice","vinery:lattice"
"Unknown","vinery:mangrove_lattice",24782,"Mangrove Lattice","vinery:lattice"
"Unknown","vinery:oak_lattice",24774,"Oak Lattice","vinery:lattice"
"Unknown","vinery:red_grape_seeds",24656,"Red Grape Seeds","sereneseasons:summer_crops, untitledduckmod:goose_food, forge:seeds, vinery:grape_seeds, sereneseasons:autumn_crops, c:seeds, brewery:seeds, untitledduckmod:duck_breeding_food, untitledduckmod:duck_food, bakery:seeds, farm_and_charm:seeds, untitledduckmod:goose_breeding_food"
"Unknown","vinery:savanna_grape_seeds_red",24660,"Red Savanna Grape Seeds","sereneseasons:summer_crops, untitledduckmod:goose_food, forge:seeds, vinery:grape_seeds, sereneseasons:spring_crops, c:seeds, brewery:seeds, untitledduckmod:duck_breeding_food, untitledduckmod:duck_food, bakery:seeds, farm_and_charm:seeds, untitledduckmod:goose_breeding_food"
"Unknown","vinery:savanna_grape_seeds_white",24662,"White Savanna Grape Seeds","sereneseasons:summer_crops, untitledduckmod:goose_food, forge:seeds, vinery:grape_seeds, sereneseasons:spring_crops, c:seeds, brewery:seeds, untitledduckmod:duck_breeding_food, untitledduckmod:duck_food, bakery:seeds, farm_and_charm:seeds, untitledduckmod:goose_breeding_food"
"Unknown","vinery:spruce_lattice",24775,"Spruce Lattice","vinery:lattice"
"Unknown","vinery:taiga_grape_seeds_red",24664,"Red Taiga Grape Seeds","untitledduckmod:goose_food, forge:seeds, vinery:grape_seeds, sereneseasons:autumn_crops, c:seeds, brewery:seeds, sereneseasons:winter_crops, untitledduckmod:duck_breeding_food, untitledduckmod:duck_food, bakery:seeds, farm_and_charm:seeds, untitledduckmod:goose_breeding_food"
"Unknown","vinery:taiga_grape_seeds_white",24666,"White Taiga Grape Seeds","untitledduckmod:goose_food, forge:seeds, vinery:grape_seeds, sereneseasons:autumn_crops, c:seeds, brewery:seeds, sereneseasons:winter_crops, untitledduckmod:duck_breeding_food, untitledduckmod:duck_food, bakery:seeds, farm_and_charm:seeds, untitledduckmod:goose_breeding_food"
"Unknown","vinery:white_grape_seeds",24658,"White Grape Seeds","sereneseasons:summer_crops, untitledduckmod:goose_food, forge:seeds, vinery:grape_seeds, sereneseasons:autumn_crops, c:seeds, brewery:seeds, untitledduckmod:duck_breeding_food, untitledduckmod:duck_food, bakery:seeds, farm_and_charm:seeds, untitledduckmod:goose_breeding_food"
"Unknown","wildernature:hazelnut",24889,"Hazelnut",""
