"Mod ID","Mod name","Mod version"
"advanced_runtime_resource_pack","Runtime Resource Pack","0.6.7"
"advancednetherite","Advanced Netherite","2.1.3-1.20.1"
"ae2","Applied Energistics 2","15.4.10"
"ae2wtlib","AE2WTLib","15.2.1-fabric"
"ambientenvironment","Ambient Environment","11.0.0.1"
"ambientsounds","AmbientSounds","6.3.8"
"amendments","Amendments","1.20-2.2.5"
"appleskin","AppleSkin","2.5.2+mc1.20.1"
"architectury","Architectury","9.2.14"
"artifacts","Artifacts","9.5.17"
"athena","Athena","3.1.2"
"autohud","Auto HUD","8.11"
"azurelib","AzureLib","3.1.9"
"azurelibarmor","AzureLib Armor","2.0.14"
"bakery","[Let's Do] Bakery","2.0.6"
"balm","Balm","7.3.38"
"bclib","BCLib","3.0.14"
"beautify","Beautify","2.0.0+1.20.1"
"beekeeperhut","Friends&Foes - Beekeeper Hut","2.0.1"
"betteradvancements","Better Advancements","0.4.2.59"
"bettercombat","Better Combat","1.9.0+1.20.1"
"betterdays","BetterDays","3.3.4.5"
"betterdeserttemples","YUNG's Better Desert Temples","1.20-Fabric-3.0.3"
"betterdungeons","YUNG's Better Dungeons","1.20-Fabric-4.0.4"
"betterend","Better End","4.0.11"
"betterendisland","YUNG's Better End Island","1.20-Fabric-2.0.6"
"betterfortresses","YUNG's Better Nether Fortresses","1.20-Fabric-2.0.6"
"betterjungletemples","YUNG's Better Jungle Temples","1.20-Fabric-2.0.5"
"bettermineshafts","YUNG's Better Mineshafts","1.20-Fabric-4.0.4"
"bettermounthud","Better Mount HUD","1.2.2"
"betternether","Better Nether","9.0.10"
"betteroceanmonuments","YUNG's Better Ocean Monuments","1.20-Fabric-3.0.4"
"betterstrongholds","YUNG's Better Strongholds","1.20-Fabric-4.0.3"
"betterwitchhuts","YUNG's Better Witch Huts","1.20-Fabric-3.0.3"
"biolith","Biolith","1.0.1-alpha.1"
"blackwolflibrary","Blackwolf Library","1.20.1-1.0.4-[FABRIC]"
"blockus","Blockus","2.7.21+1.20.1"
"bloomingnature","[Let's Do] BloomingNature","1.0.12"
"blue_endless_jankson","jankson","1.2.3"
"bookshelf","Bookshelf","20.2.15"
"brewery","[Let's Do] Brewery","2.0.6"
"c2me","Concurrent Chunk Management Engine","0.2.0+alpha.11.16"
"c2me-base","Concurrent Chunk Management Engine (Base)","0.2.0+alpha.11.16"
"c2me-client-uncapvd","Concurrent Chunk Management Engine (Client/Uncap View Distance)","0.2.0+alpha.11.16"
"c2me-fixes-chunkio-threading-issues","Concurrent Chunk Management Engine (Fixes/Chunk IO/Threading Issues)","0.2.0+alpha.11.16"
"c2me-fixes-general-threading-issues","Concurrent Chunk Management Engine (Fixes/General/Threading Issues)","0.2.0+alpha.11.16"
"c2me-fixes-worldgen-threading-issues","Concurrent Chunk Management Engine (Fixes/WorldGen/Threading Issues)","0.2.0+alpha.11.16"
"c2me-fixes-worldgen-vanilla-bugs","Concurrent Chunk Management Engine (Fixes/WorldGen/Vanilla Bugs)","0.2.0+alpha.11.16"
"c2me-notickvd","Concurrent Chunk Management Engine (No Tick View Distance)","0.2.0+alpha.11.16"
"c2me-opts-allocs","Concurrent Chunk Management Engine (Optimizations/Memory Allocations)","0.2.0+alpha.11.16"
"c2me-opts-chunk-access","Concurrent Chunk Management Engine (Optimizations/Chunk Access)","0.2.0+alpha.11.16"
"c2me-opts-chunkio","Concurrent Chunk Management Engine (Optimizations/Chunk IO)","0.2.0+alpha.11.16"
"c2me-opts-math","Concurrent Chunk Management Engine (Optimizations/Math)","0.2.0+alpha.11.16"
"c2me-opts-scheduling","Concurrent Chunk Management Engine (Optimizations/Scheduling)","0.2.0+alpha.11.16"
"c2me-opts-worldgen-general","Concurrent Chunk Management Engine (Optimizations/General WorldGen)","0.2.0+alpha.11.16"
"c2me-opts-worldgen-vanilla","Concurrent Chunk Management Engine (Optimizations/Vanilla WorldGen)","0.2.0+alpha.11.16"
"c2me-rewrites-chunk-serializer","Concurrent Chunk Management Engine (Rewrites/Chunk Serializer)","0.2.0+alpha.11.16"
"c2me-rewrites-chunkio","Concurrent Chunk Management Engine (Rewrites/Chunk IO)","0.2.0+alpha.11.16"
"c2me-server-utils","Concurrent Chunk Management Engine (Server Utils)","0.2.0+alpha.11.16"
"c2me-threading-chunkio","Concurrent Chunk Management Engine (Threading/WorldGen)","0.2.0+alpha.11.16"
"c2me-threading-lighting","Concurrent Chunk Management Engine (Threading/Lighting)","0.2.0+alpha.11.16"
"c2me-threading-worldgen","Concurrent Chunk Management Engine (Threading/WorldGen)","0.2.0+alpha.11.16"
"caffeineconfig","CaffeineConfig","1.3.0+1.17"
"cameraoverhaul","CameraOverhaul","2.0.6-fabric+mc.1.20.0-1.20.5"
"camerapture","Camerapture","1.10.12"
"camping","Camping","2.0.0"
"candlelight","[Let's Do] Candlelight","2.0.5"
"capsaicin","Capsaicin","1.4.2+mc1.20.4"
"cardinal-components","Cardinal Components API","5.2.3"
"cardinal-components-base","Cardinal Components API (base)","5.2.3"
"cardinal-components-block","Cardinal Components API (blocks)","5.2.3"
"cardinal-components-chunk","Cardinal Components API (chunks)","5.2.3"
"cardinal-components-entity","Cardinal Components API (entities)","5.2.3"
"cardinal-components-item","Cardinal Components API (items)","5.2.3"
"cardinal-components-level","Cardinal Components API (world saves)","5.2.3"
"cardinal-components-scoreboard","Cardinal Components API (scoreboard)","5.2.3"
"cardinal-components-world","Cardinal Components API (worlds)","5.2.3"
"celesteconfig","Celestial Configuration","1.1.2"
"chat_heads","Chat Heads","0.15.1"
"chefsdelight","Chef's Delight","1.0.4-fabric-1.20.1"
"chipped","Chipped","3.0.7"
"chunky","Chunky","1.3.146"
"chunkyextended","Chunky extended","2.1.1"
"citresewn","CIT Resewn","1.2.2+1.20.1"
"citresewn-defaults","CIT Resewn: Defaults","1.2.2+1.20.1"
"cloth-basic-math","cloth-basic-math","0.6.1"
"cloth-config","Cloth Config v11","11.1.136"
"coat","Coat","1.1.1+mc1.20"
"coldbreath","Cold Breath","1.5.3"
"collective","Collective","8.22"
"com_akuleshov7_ktoml-core-jvm","ktoml-core-jvm","0.7.1"
"com_electronwill_night-config_core","core","3.8.0"
"com_electronwill_night-config_toml","toml","3.8.0"
"com_eliotlash_mclib_mclib","mclib","20"
"com_github_jdiemke_delaunay-triangulator_delaunaytriangulator","DelaunayTriangulator","1.0.0"
"com_github_zsoltmolnarrr_tinyconfig","TinyConfig","2.3.2"
"com_ibm_async_asyncutil","asyncutil","0.1.0"
"com_moulberry_mixinconstraints","mixinconstraints","1.0.1"
"com_teamresourceful_bytecodecs","bytecodecs","1.0.2"
"com_teamresourceful_yabn","yabn","1.0.3"
"com_twelvemonkeys_common_common-image","common-image","3.12.0"
"com_twelvemonkeys_common_common-io","common-io","3.12.0"
"com_twelvemonkeys_common_common-lang","common-lang","3.12.0"
"com_twelvemonkeys_imageio_imageio-core","imageio-core","3.12.0"
"com_twelvemonkeys_imageio_imageio-metadata","imageio-metadata","3.12.0"
"com_twelvemonkeys_imageio_imageio-webp","imageio-webp","3.12.0"
"com_velocitypowered_velocity-native","velocity-native","3.2.0-SNAPSHOT"
"combatroll","Combat Roll","1.3.3+1.20.1"
"comforts","Comforts","6.4.0+1.20.1"
"common-protection-api","Common Protection API","1.0.0"
"commonnetworking","Common Network","1.0.5-1.20.1"
"conditional-mixin","conditional mixin","0.3.2"
"configlibtxf","ConfigLib TXF","4.2.8-fabric"
"connectiblechains","Connectible Chains","2.5.7+1.20.1"
"continuity","Continuity","3.0.0+1.20.1"
"controlling","Controlling For Fabric","12.0.2"
"cornexpansion","[Let's Do Addon] Corn Expansion","1.0.4"
"cratedelight","Crate Delight","25.9.22-1.20-fabric"
"creativecore","CreativeCore","2.12.36"
"creeperoverhaul","Creeper Overhaul","3.0.2"
"cristellib","Cristel Lib","1.1.5"
"crittersandcompanions","Critters and Companions","1.20.1-2.3.5"
"ctov","ChoiceTheorem's Overhauled Village","3.4.14"
"cutthrough","Cut Through","8.0.2"
"dark-loading-screen","Dark Loading Screen","1.6.14"
"dataanchor","Data Anchor","1.0.0.20"
"decorative_blocks","Decorative Blocks","4.1.3"
"dehydration","Dehydration","1.3.6"
"dev_matrixlab_webp4j","webp4j","1.3.0"
"diagonalblocks","Diagonal Blocks","8.0.6"
"diagonalfences","Diagonal Fences","8.1.5"
"diagonalwalls","Diagonal Walls","8.0.4"
"diagonalwindows","Diagonal Windows","8.1.5"
"distanthorizons","Distant Horizons","3.0.3-b"
"doapi","[Let's Do] API","1.2.14"
"easyanvils","Easy Anvils","8.0.2"
"easymagic","Easy Magic","8.0.1"
"eatinganimationid","Eating Animation","1.20+1.9.61"
"ecologics","Ecologics","2.2.4"
"effective","Effective","2.3.2-1.20.1"
"effortless","Effortless Structure","3.4.0"
"elemental_wizards_rpg","Elemental Wizards (RPG Class)","1.3.6-1.20.1"
"elytra_trinket","Elytra Trinket","1.0.3"
"emi","EMI","1.1.24+1.20.1+fabric"
"emi_enchanting","EMI Enchanting","0.1.2+1.20.1"
"emi_letsdo_compat","emi-letsdo-compat","1.8.1"
"emi_loot","EMI Loot","0.7.9+1.20.1+fabric"
"enchdesc","EnchantmentDescriptions","17.1.21"
"enderchests","EnderChests","1.20.1-1.4"
"endermanoverhaul","Enderman Overhaul","1.0.4"
"enhancedblockentities","Enhanced Block Entities","0.9+1.20"
"entity_model_features","Entity Model Features","3.2.4"
"entity_texture_features","Entity Texture Features","7.1"
"entityculling","EntityCulling","1.10.2"
"euphoria_patcher","Euphoria Patcher","1.9.0-r5.8-fabric"
"expandability","ExpandAbility","9.0.4"
"explorerscompass","Explorer's Compass","1.20.1-2.6.0-fabric"
"explorify","Explorify","1.6.5"
"explosiveenhancement","Explosive Enhancement","1.3.2-1.20-1.20.4"
"extshape","Extended Block Shapes","3.1.0"
"extshape_blockus","Extended Block Shapes - Blockus","3.1.0"
"fabric-api","Fabric API","0.92.9+1.20.1"
"fabric-api-base","Fabric API Base","0.4.32+1802ada577"
"fabric-api-lookup-api-v1","Fabric API Lookup API (v1)","1.6.37+1802ada577"
"fabric-biome-api-v1","Fabric Biome API (v1)","13.0.15+93aa238b77"
"fabric-block-api-v1","Fabric Block API (v1)","1.0.12+1802ada577"
"fabric-block-view-api-v2","Fabric BlockView API (v2)","1.0.3+924f046a77"
"fabric-blockrenderlayer-v1","Fabric BlockRenderLayer Registration (v1)","1.1.42+1802ada577"
"fabric-client-tags-api-v1","Fabric Client Tags","1.1.3+1802ada577"
"fabric-command-api-v1","Fabric Command API (v1)","1.2.35+f71b366f77"
"fabric-command-api-v2","Fabric Command API (v2)","2.2.14+1802ada577"
"fabric-commands-v0","Fabric Commands (v0)","0.2.52+df3654b377"
"fabric-containers-v0","Fabric Containers (v0)","0.1.68+df3654b377"
"fabric-content-registries-v0","Fabric Content Registries (v0)","4.0.13+1802ada577"
"fabric-convention-tags-v1","Fabric Convention Tags","1.5.6+1802ada577"
"fabric-crash-report-info-v1","Fabric Crash Report Info (v1)","0.2.20+1802ada577"
"fabric-data-attachment-api-v1","Fabric Data Attachment API (v1)","1.0.2+de0fd6d177"
"fabric-data-generation-api-v1","Fabric Data Generation API (v1)","12.3.9+1802ada577"
"fabric-dimensions-v1","Fabric Dimensions API (v1)","2.1.55+1802ada577"
"fabric-entity-events-v1","Fabric Entity Events (v1)","1.6.1+1c78457f77"
"fabric-events-interaction-v0","Fabric Events Interaction (v0)","0.6.6+13a40c6677"
"fabric-events-lifecycle-v0","Fabric Events Lifecycle (v0)","0.2.64+df3654b377"
"fabric-game-rule-api-v1","Fabric Game Rule API (v1)","1.0.41+1802ada577"
"fabric-gametest-api-v1","Fabric Game Test API (v1)","1.2.15+1802ada577"
"fabric-item-api-v1","Fabric Item API (v1)","2.1.29+1802ada577"
"fabric-item-group-api-v1","Fabric Item Group API (v1)","4.0.14+1802ada577"
"fabric-key-binding-api-v1","Fabric Key Binding API (v1)","1.0.38+1802ada577"
"fabric-keybindings-v0","Fabric Key Bindings (v0)","0.2.36+df3654b377"
"fabric-language-kotlin","Fabric Language Kotlin","1.13.11+kotlin.2.3.21"
"fabric-lifecycle-events-v1","Fabric Lifecycle Events (v1)","2.2.23+1802ada577"
"fabric-loot-api-v2","Fabric Loot API (v2)","1.2.3+1802ada577"
"fabric-loot-tables-v1","Fabric Loot Tables (v1)","1.1.47+9e7660c677"
"fabric-message-api-v1","Fabric Message API (v1)","5.1.10+1802ada577"
"fabric-mining-level-api-v1","Fabric Mining Level API (v1)","2.1.52+1802ada577"
"fabric-model-loading-api-v1","Fabric Model Loading API (v1)","1.0.4+1802ada577"
"fabric-models-v0","Fabric Models (v0)","0.4.3+9386d8a777"
"fabric-networking-api-v1","Fabric Networking API (v1)","1.3.15+0caff8d077"
"fabric-networking-v0","Fabric Networking (v0)","0.3.55+df3654b377"
"fabric-object-builder-api-v1","Fabric Object Builder API (v1)","11.1.5+e35120df77"
"fabric-particles-v1","Fabric Particles (v1)","1.1.3+1802ada577"
"fabric-permissions-api-v0","fabric-permissions-api","0.3.1"
"fabric-recipe-api-v1","Fabric Recipe API (v1)","1.0.25+1802ada577"
"fabric-registry-sync-v0","Fabric Registry Sync (v0)","2.4.1+4c0a70e677"
"fabric-renderer-api-v1","Fabric Renderer API (v1)","3.2.2+1802ada577"
"fabric-renderer-indigo","Fabric Renderer - Indigo","1.5.3+85287f9f77"
"fabric-renderer-registries-v1","Fabric Renderer Registries (v1)","3.2.47+df3654b377"
"fabric-rendering-data-attachment-v1","Fabric Rendering Data Attachment (v1)","0.3.39+92a0d36777"
"fabric-rendering-fluids-v1","Fabric Rendering Fluids (v1)","3.0.29+1802ada577"
"fabric-rendering-v0","Fabric Rendering (v0)","1.1.50+df3654b377"
"fabric-rendering-v1","Fabric Rendering (v1)","3.0.9+1802ada577"
"fabric-resource-conditions-api-v1","Fabric Resource Conditions API (v1)","2.3.9+1802ada577"
"fabric-resource-loader-v0","Fabric Resource Loader (v0)","0.11.12+fb82e9d777"
"fabric-screen-api-v1","Fabric Screen API (v1)","2.0.9+1802ada577"
"fabric-screen-handler-api-v1","Fabric Screen Handler API (v1)","1.3.34+1802ada577"
"fabric-sound-api-v1","Fabric Sound API (v1)","1.0.14+1802ada577"
"fabric-transfer-api-v1","Fabric Transfer API (v1)","3.3.6+8dd72ea377"
"fabric-transitive-access-wideners-v1","Fabric Transitive Access Wideners (v1)","4.3.2+1802ada577"
"fabricloader","Fabric Loader","0.19.2"
"fallingleaves","Falling Leaves","1.15.6"
"farm_and_charm","[Let's Do] Farm & Charm","1.0.14"
"farmersdelight","Farmer's Delight","1.20.1-2.4.1+refabricated"
"ferritecore","FerriteCore","6.0.1"
"fetzisasiandeco","Fetzi's Asian Decoration","1.7.4"
"firstperson","FirstPerson","2.7.1"
"forgeconfigapiport","Forge Config API Port","8.0.3"
"friendsandfoes","Friends&Foes","3.0.9"
"frozenlib","FrozenLib","1.9.3-mc1.20.1"
"functionalstorage","Functional Storage","1.1.0-release"
"furniture","[Let's Do] Furniture","1.0.4"
"fzzy_config","Fzzy Config","0.7.6+1.20.1"
"gaboulibs","gaboulibs","1.7.1"
"galosphere","Galosphere","1.20.1-1.5.0"
"geckolib","GeckoLib 4","4.8.3"
"glitchcore","GlitchCore","0.0.1.1"
"globalpacks","Global Packs","19.3.7"
"grapplemod","Grappling Hook Mod","1.99.0+1.20.1.beta.fabric"
"grassoverhaul","Grass Overhaul","25.1.31"
"guardribbits","Guard Ribbits","1.20.1-Fabric-1.0.4"
"guardvillagers","GuardVillagers","2.0.9-1.20.1"
"handcrafted","Handcrafted","3.0.6"
"herbalbrews","[Let's Do] HerbalBrews","1.0.12"
"horseman","Horseman","1.3.15"
"hybrid-aquatic","Hybrid Aquatic","1.5.4"
"hybrid-birds","Hybrid Birds","1.1.0"
"hybrid-blocks","Hybrid Blocks","1.2.0"
"icarus","Icarus","2.13.2"
"iceberg","Iceberg","1.1.25"
"immersive_aircraft","Immersive Aircraft","1.4.0+1.20.1"
"immersive_armors","Immersive Armors","1.7.2+1.20.1"
"immersive_melodies","Immersive Melodies","0.6.1+1.20.1"
"incendium","Incendium","5.3.5"
"indium","Indium","1.0.36+mc1.20.1"
"inventorymanagement","Inventory Management","1.3.1"
"io_github_douira_glsl-transformer","glsl-transformer","2.0.1"
"iris","Iris","1.7.6+mc1.20.1"
"ironchest","Iron Chests","2.0.2"
"jade","Jade","11.13.1+fabric"
"jadeaddons","Jade Addons","5.5.1+fabric"
"jankson","Jankson","6.0.0+j1.2.3"
"java","OpenJDK 64-Bit Server VM","21"
"kambrik","Kambrik","6.1.1+1.20.1"
"keybindfixtxf","Keybind Fix TXF","1.1.1"
"kirin","Kirin UI","1.15.6+1.20.1"
"kiwi","Kiwi Library","11.10.2+fabric"
"krypton","Krypton","0.2.3"
"kuma_api","KumaAPI","20.1.12"
"lambdynlights","LambDynamicLights","4.4.0+1.20.1"
"lambdynlights_api","LambDynamicLights (API)","4.4.0+1.20.1"
"leahs-immersive-thunder","Immersive Thunder","1.20.1+1.2.2"
"leavesbegone","Leaves Be Gone","8.0.0"
"legendarytooltips","Legendary Tooltips","1.4.5"
"letsdoaddon-structures","[Let's Do Addon] Structures","1.7.2"
"letsdocompat","[Let's Do Addon] Compat","2.2.4"
"libbamboo","LibBamboo","2.25"
"libgui","LibGui","8.1.1+1.20.1"
"libninepatch","LibNinePatch","1.2.0"
"lighty","Lighty","2.1.3+1.20.1"
"lilis_lucky_lures","Lilis' Lucky Lures","1.0.2"
"lily_pads_expansion","Lily Pads Expansion","1.0.0"
"litematica","Litematica","0.15.4"
"lithium","Lithium","0.11.4"
"lithostitched","Lithostitched","1.4.11"
"lne_wizards","L&E Wizards-Add On","0.1.11-1.20.1"
"lodestone","Lodestone","1.20.1-1.6.2.3f-fabric"
"logbegone","Log Begone","1.0.8"
"lootr","Lootr","0.7.35.86"
"loy_krathong","Loy Krathong","1.0.3"
"magnumtorch","Magnum Torch","8.0.2"
"malfu-mods","Better Combat Particle Addition","0.0.6-fabric-1.20.1"
"malilib","MaLiLib","0.16.3"
"mcwdoors","Macaw's Doors","1.1.5"
"mcwfences","Macaw's Fences and Walls","1.2.1"
"mcwlights","Macaw's Lights and Lamps","1.1.5"
"mcwpaths","Macaw's Paths and Pavings","1.1.1"
"mcwwindows","Macaw's Windows","2.4.2"
"meadow","[Let's Do] Meadow","1.3.25"
"midnightlib","MidnightLib","1.9.3"
"minecraft","Minecraft","1.20.1"
"mixinextras","MixinExtras","0.5.4"
"mixinsquared","MixinSquared","0.3.5-beta.2"
"mm","Manningham Mills","2.3"
"modernfix","ModernFix","5.25.2+mc1.20.1"
"modmenu","Mod Menu","7.2.2"
"moonlight","Moonlight","1.20-2.16.32"
"more_rpg_classes","More RPG Classes","1.2.19-1.20.1"
"moreculling","More Culling","1.20.1-0.24.5"
"moredelight","More Delight","26.5.7-1.20-fabric"
"moremobvariants","More Mob Variants","1.3.1"
"mr_bat_membrane","Bat Membrane (Anti Phantom)","1-v.1.1.1"
"mr_lithosphere","Lithosphere","1.7"
"mr_more_compatibilityvariantsletsdo","More Compatibility Variants [Let's Do]","1.0.3+1.20.1"
"mr_nifty_cartsxfarmandcharm","Nifty Carts x Farm & Charm","1.0"
"mr_no_endermangrief","No Enderman Grief","1-v.1.1.2"
"mr_still_life","Still Life","0.1.1"
"naturalist","Naturalist","5.0pre3"
"naturescompass","Nature's Compass","1.20.1-2.6.0-fabric"
"necronomicon","Necronomicon","1.4.2"
"net_harawata_appdirs","appdirs","1.2.1"
"net_jodah_typetools","typetools","0.6.3"
"net_minecraftforge_eventbus","eventbus","6.0.3"
"net_objecthunter_exp4j","exp4j","0.4.8"
"net_peanuuutz_tomlkt_tomlkt-jvm","tomlkt-jvm","0.3.7"
"nethervinery","[Let's Do] NetherVinery","1.2.19"
"niftycarts","NiftyCarts","20.1.5"
"noindium","No Indium?","1.1.0+1.20"
"notenoughanimations","NotEnoughAnimations","1.12.3"
"nullscape","Nullscape","1.2.7"
"nyfsspiders","Nyf's Spiders","2.1.1"
"org_anarres_jcpp","jcpp","1.4.14"
"org_antlr_antlr4-runtime","antlr4-runtime","4.13.1"
"org_javassist_javassist","javassist","3.29.2-GA"
"org_jetbrains_kotlin_kotlin-reflect","kotlin-reflect","2.3.21"
"org_jetbrains_kotlin_kotlin-stdlib","kotlin-stdlib","2.3.21"
"org_jetbrains_kotlin_kotlin-stdlib-jdk7","kotlin-stdlib-jdk7","2.3.21"
"org_jetbrains_kotlin_kotlin-stdlib-jdk8","kotlin-stdlib-jdk8","2.3.21"
"org_jetbrains_kotlinx_atomicfu-jvm","atomicfu-jvm","0.32.1"
"org_jetbrains_kotlinx_kotlinx-coroutines-core-jvm","kotlinx-coroutines-core-jvm","1.10.2"
"org_jetbrains_kotlinx_kotlinx-coroutines-jdk8","kotlinx-coroutines-jdk8","1.10.2"
"org_jetbrains_kotlinx_kotlinx-datetime-jvm","kotlinx-datetime-jvm","0.7.1"
"org_jetbrains_kotlinx_kotlinx-io-bytestring-jvm","kotlinx-io-bytestring-jvm","0.9.0"
"org_jetbrains_kotlinx_kotlinx-io-core-jvm","kotlinx-io-core-jvm","0.9.0"
"org_jetbrains_kotlinx_kotlinx-serialization-cbor-jvm","kotlinx-serialization-cbor-jvm","1.11.0"
"org_jetbrains_kotlinx_kotlinx-serialization-core-jvm","kotlinx-serialization-core-jvm","1.11.0"
"org_jetbrains_kotlinx_kotlinx-serialization-json-jvm","kotlinx-serialization-json-jvm","1.11.0"
"org_mariuszgromada_math_mathparser_org-mxparser","MathParser.org-mXparser","5.2.1"
"org_quiltmc_parsers_gson","gson","0.2.1"
"org_quiltmc_parsers_json","json","0.2.1"
"org_reflections_reflections","reflections","0.10.2"
"org_threadly_threadly","threadly","7.0"
"overflowingbars","Overflowing Bars","8.0.1"
"owo","oωo","0.11.2+1.20"
"packet_tweaker","Packet Tweaker","0.4.0+1.19.4"
"palladiumcore","PalladiumCore","1.20-2.0.0.0"
"particlerain","Particle Rain","4.0.0-beta.10"
"passablefoliage","Passable Foliage","1.20.1-fabric-8.2.1"
"placeholder-api","Placeholder API","2.1.4+1.20.1"
"player-animator","Player Animator","1.0.2-rc1+1.20"
"polymer-blocks","Polymer (Textured Blocks)","0.5.20+1.20.1"
"polymer-bundled","Polymer","0.5.20+1.20.1"
"polymer-common","Polymer (Common)","0.5.20+1.20.1"
"polymer-core","Polymer (Core)","0.5.20+1.20.1"
"polymer-networking","Polymer (Networking)","0.5.20+1.20.1"
"polymer-registry-sync-manipulator","Polymer (Registry Sync Manipulator)","0.5.20+1.20.1"
"polymer-resource-pack","Polymer (Resource Pack)","0.5.20+1.20.1"
"polymer-virtual-entity","Polymer (Virtual Entity)","0.5.20+1.20.1"
"porting_lib_accessors","Porting Lib Accessors","2.3.8+1.20.1"
"porting_lib_attributes","Porting Lib Attributes","2.3.8+1.20.1"
"porting_lib_base","Porting Lib Base","2.3.8+1.20.1"
"porting_lib_blocks","Porting Lib Blocks","2.3.4+1.20.1"
"porting_lib_common","Porting Lib Common","2.3.8+1.20.1"
"porting_lib_config","Porting Lib Config","2.3.8+1.20.1"
"porting_lib_core","Porting Lib Core","2.3.8+1.20.1"
"porting_lib_data","Porting Lib Data","2.3.4+1.20.1"
"porting_lib_entity","Porting Lib Entity","2.3.8+1.20.1"
"porting_lib_extensions","Porting Lib Extensions","2.3.8+1.20.1"
"porting_lib_fluids","Porting Lib Fluids","2.3.8+1.20.1"
"porting_lib_gui_utils","Porting Lib Gui Utils","2.3.8+1.20.1"
"porting_lib_items","Porting Lib Items","2.3.4+1.20.1"
"porting_lib_lazy_registration","Porting Lib Lazy Register","2.3.8+1.20.1"
"porting_lib_loot","Porting Lib Loot","2.3.8+1.20.1"
"porting_lib_mixin_extensions","Porting Lib Mixin Extensions","2.3.8+1.20.1"
"porting_lib_model_generators","Porting Lib Model Generators","2.3.4+1.20.1"
"porting_lib_model_loader","Porting Lib Model Loader","2.3.4+1.20.1"
"porting_lib_model_materials","Porting Lib Model Materials","2.3.4+1.20.1"
"porting_lib_models","Porting Lib Models","2.3.4+1.20.1"
"porting_lib_networking","Porting Lib Networking","2.3.8+1.20.1"
"porting_lib_recipe_book_categories","Porting Lib Recipe Book Categories","2.3.8+1.20.1"
"porting_lib_tags","Porting Lib Tags","3.0"
"porting_lib_tool_actions","Porting Lib Tool Actions","2.3.8+1.20.1"
"porting_lib_transfer","Porting Lib Transfer","2.3.8+1.20.1"
"porting_lib_utility","Porting Lib Utility","2.3.8+1.20.1"
"powah","Powah!","5.0.11"
"predicate-api","Predicate API","0.2.1+1.20.1"
"presencefootsteps","Presence Footsteps","1.10.1+1.20.1"
"pride","Pride Lib","1.2.0+1.19.4"
"prism","Prism","1.0.5"
"puzzlesaccessapi","Puzzles Access Api","20.1.1"
"puzzleslib","Puzzles Lib","8.1.33"
"reach-entity-attributes","Reach Entity Attributes","2.4.0"
"reeses-sodium-options","Reese's Sodium Options","1.7.2+mc1.20.1-build.101"
"resourcefulblocksounds","Resourceful Block Sounds","1.0.0"
"resourcefulconfig","Resourcefulconfig","2.1.3"
"resourcefullib","Resourceful Lib","2.1.29"
"ribbits","Ribbits","1.20.1-Fabric-3.0.5"
"runes","Runes","0.9.13+1.20.1"
"satin","Satin","1.14.0"
"searchables","Searchables","1.0.3"
"seasonal_lets_do","Seasonal Let's Do","1.3.0+1.20.1"
"serene_shrubbery","Serene Shrubbery","1.0.0"
"sereneseasons","SereneSeasons","9.1.0.2"
"sereneseasonsplus","Serene Seasons Plus","0.5.0.0"
"server_translations_api","Server Translations API","2.0.0+1.20"
"sgui","sgui","1.2.2+1.20"
"shetiphiancore","ShetiPhianCore","1.20.1-1.4"
"shield_overhaul","Shield Overhaul","2.0.4"
"silk-all","Silk (All modules)","1.10.1"
"silk-commands","Silk Commands","1.10.1"
"silk-core","Silk Core","1.10.1"
"silk-game","Silk Game","1.10.1"
"silk-igui","Silk Inventory GUI","1.10.1"
"silk-nbt","Silk NBT","1.10.1"
"silk-network","Silk Network","1.10.1"
"silk-persistence","Silk Persistence","1.10.1"
"simple_copper_pipes","Simple Copper Pipes","2.0.3"
"simplyswords","Simply Swords","1.56.0-1.20.1"
"skinlayers3d","3d-Skin-Layers","1.11.1"
"smallships","Small Ships","2.0.0-b1.4"
"smarterfarmers","Smarter Farmers","1.20-2.1.2"
"sodium","Sodium","0.5.13+mc1.20.1"
"sodium-extra","Sodium Extra","0.5.9+mc1.20.1"
"sootychimneys","Sooty Chimneys for Fabric","1.1.0"
"sophisticatedbackpacks","Sophisticated Backpacks","1.20.1-3.23.4.5.110"
"sophisticatedcore","Sophisticated Core","1.20.1-1.2.7.15.166"
"sophisticatedstorage","Sophisticated Storage","1.20.1-1.3.5.11.142"
"sound_physics_remastered","Sound Physics Remastered","1.20.1-1.5.1"
"sparkweave","Sparkweave Engine","0.8.8"
"sparsestructures","SparseStructures","3.0"
"spectrelib","SpectreLib","0.13.15+1.20.1"
"spell_engine","Spell Engine","0.15.12+1.20.1"
"spell_power","Spell Power Attribute","0.12.0+1.20.1"
"spiceoffabric","Spice of Fabric","1.6.3-beta.1+mc1.20"
"spruceui","SpruceUI","6.2.1+1.20"
"spuds_shops","Spud's Shops","1.9.0"
"sspb","Sodium Shadowy Path Blocks","3.4.2"
"status-effect-bars","Status Effect Bars","1.0.3"
"step-height-entity-attribute","Step Height Entity Attribute","1.2.0"
"structory","Structory","1.3.5"
"structory_towers","Structory: Towers","1.0.7"
"structure_pool_api","Structure Pool API","1.0+1.20.1"
"structurized-reborn","Structurized Reborn","1.20.1-01"
"supermartijn642corelib","SuperMartijn642's Core Lib","1.1.21"
"supplementaries","Supplementaries","1.20-3.1.43"
"suppsquared","Supplementaries Squared","1.20-1.1.29"
"sushi_bar","Sushi Bar","0.2.2+1.20"
"t_and_t","Towns and Towers","1.12"
"tcdcommons","TCD Commons API","3.12.3.3+fabric-1.20.1"
"team_reborn_energy","Energy","3.0.0"
"tellme","TellMe","0.9.1"
"terrablender","TerraBlender","3.0.1.10"
"terraform-wood-api-v1","Terraform Wood API (v1)","7.0.3"
"thermoo","Thermoo","2.3.3"
"thermoo-patches","Thermoo Patches","1.1"
"threadtweak","ThreadTweak","1.20.2-0.1.1"
"tinyskeletons","Tiny Skeletons","8.0.1"
"tooltipfix","ToolTip Fix","1.1.1-1.20"
"trade_cycling","Trade Cycling","1.20.1-1.0.18"
"transition","TRansition","1.0.19"
"trashcans","Trash Cans","1.0.18"
"treechop","HT's TreeChop","0.19.0"
"trender","TRender","1.0.13"
"trinkets","Trinkets","3.7.2"
"trmt","TRMT","0.5-1.20+1.20.1"
"trowel","Trowel","1.3.0-1.20"
"tweed5_annotation_inheritance","Tweed 5 Annotation Inheritance","0.8.1"
"tweed5_attributes_extension","Tweed 5 Attributes Extension","0.8.1"
"tweed5_bundle","Tweed 5 Bundle","0.8.1"
"tweed5_bundle_pojo_weaving","Tweed 5 Bundle for POJO weaving","0.8.1"
"tweed5_coat_bridge","Tweed 5 Coat Bridge","0.8.1+mc1.20.6"
"tweed5_comment_loader_extension","Tweed 5 Comment Loader Extension","0.8.1"
"tweed5_construct","Tweed 5 Construct","0.8.1"
"tweed5_core","Tweed 5 Core","0.8.1"
"tweed5_default_extensions","Tweed 5 Default Extensions","0.8.1"
"tweed5_fabric_helper","Tweed 5 Fabric Helper","0.8.1+mc1.20.6"
"tweed5_logging","Tweed 5 Logging","0.8.1"
"tweed5_naming_format","Tweed 5 Naming Format","0.8.1"
"tweed5_networking","Tweed 5 Netwoking","0.8.1+mc1.20.6"
"tweed5_patchwork","Tweed 5 Patchwork","0.8.1"
"tweed5_serde_api","Tweed 5 Serde API","0.8.1"
"tweed5_serde_extension","Tweed 5 Serde Extension","0.8.1"
"tweed5_serde_gson","Tweed 5 Gson","0.8.1"
"tweed5_serde_hjson","Tweed 5 Hjson","0.8.1"
"tweed5_type_utils","Tweed 5 Type Utils","0.8.1"
"tweed5_utils","Tweed 5 Utils","0.8.1"
"tweed5_weaver_pojo","Tweed 5 Weaver POJO","0.8.1"
"tweed5_weaver_pojo_attributes_extension","Attributes Extension for Tweed5 Weaver POJO","0.8.1"
"tweed5_weaver_pojo_presets_extension","Presets Extension for Tweed 5 Weaver POJO","0.8.1"
"tweed5_weaver_pojo_serde_extension","Serde Extension for Tweed 5 Weaver POJO","0.8.1"
"tweed5_weaver_pojo_validation_extension","Validation Extension for Tweed 5 Weaver POJO","0.8.1"
"underground_bunkers","Underground Bunkers","1.0.3"
"undergroundbeacons","Underground Beacons","1.0"
"universal-graves","Universal Graves","3.0.3+1.20.1"
"untitledduckmod","Untitled Duck Mod","1.5.2"
"vc_gliders","Gliders","1.2.0"
"veinmining","Vein Mining","1.5.0+1.20.1"
"via_romana","Via Romana","2.2.2+1.20.1-fabric"
"villagernames","Villager Names","8.4"
"vinery","[Let's Do] Vinery","1.4.41"
"visuality","Visuality","0.7.1+1.20"
"wakes","Wakes","0.4.0+1.20.1"
"walljump","Wall-Jump TXF","1.20.1-1.3.5-fabric"
"waystones","Waystones","14.1.20"
"whitenoise","WhiteNoise","1.1.1"
"wildernature","[Let's Do] WilderNature","1.0.6"
"wizards","Wizards (RPG Series)","1.4.1+1.20.1"
"wunderlib","WunderLib","1.1.5"
"xaerolib","XaeroLib","1.1.15"
"xaerominimap","Xaero's Minimap","25.3.12"
"xaeroworldmap","Xaero's World Map","1.40.16"
"yet_another_config_lib_v3","YetAnotherConfigLib","3.6.6+1.20.1-fabric"
"yumi_commons_collections","Yumi Commons: Collections","1.0.0-beta.4"
"yumi_commons_core","Yumi Commons: Core","1.0.0-beta.4"
"yumi_commons_event","Yumi Commons: Event","1.0.0-beta.4"
"yungsapi","YUNG's API","1.20-Fabric-4.0.6"
"yungsextras","YUNG's Extras","1.20-Fabric-4.0.3"
"zoomify","Zoomify","2.15.2+1.20.1"
