"Registry name","Name","Search distance"
"ae2:fluix_researcher","class_4158[matchingStates=[ChargerBlock[charger][facing=west,spin=0], ChargerBlock[charger][facing=up,spin=1], ChargerBlock[charger][facing=down,spin=3], ChargerBlock[charger][facing=north,spin=3], ChargerBlock[charger][facing=south,spin=0], ChargerBlock[charger][facing=up,spin=3], ChargerBlock[charger][facing=north,spin=1], ChargerBlock[charger][facing=up,spin=2], ChargerBlock[charger][facing=north,spin=0], ChargerBlock[charger][facing=south,spin=3], ChargerBlock[charger][facing=east,spin=1], ChargerBlock[charger][facing=west,spin=1], ChargerBlock[charger][facing=down,spin=0], ChargerBlock[charger][facing=east,spin=3], ChargerBlock[charger][facing=south,spin=2], ChargerBlock[charger][facing=south,spin=1], ChargerBlock[charger][facing=north,spin=2], ChargerBlock[charger][facing=down,spin=1], ChargerBlock[charger][facing=down,spin=2], ChargerBlock[charger][facing=up,spin=0], ChargerBlock[charger][facing=east,spin=2], ChargerBlock[charger][facing=west,spin=3], ChargerBlock[charger][facing=west,spin=2], ChargerBlock[charger][facing=east,spin=0]], maxTickets=1, validRange=1]","1"
"beautify:botanist_workbench_poi","class_4158[matchingStates=[Block{beautify:botanist_workbench}[facing=east], Block{beautify:botanist_workbench}[facing=south], Block{beautify:botanist_workbench}[facing=north], Block{beautify:botanist_workbench}[facing=west]], maxTickets=1, validRange=1]","1"
"betterend:eternal_portal","class_4158[matchingStates=[Block{betterend:end_portal_block}[axis=x,portal=0], Block{betterend:end_portal_block}[axis=z,portal=1], Block{betterend:end_portal_block}[axis=x,portal=1], Block{betterend:end_portal_block}[axis=z,portal=0]], maxTickets=0, validRange=1]","1"
"betterend:eternal_portal_frame","class_4158[matchingStates=[Block{betterend:flavolite_runed_eternal}[active=false]], maxTickets=0, validRange=1]","1"
"betternether:pig_statue","class_4158[matchingStates=[Block{betternether:pig_statue_respawner}[facing=west,top=true], Block{betternether:pig_statue_respawner}[facing=west,top=false], Block{betternether:pig_statue_respawner}[facing=south,top=false], Block{betternether:pig_statue_respawner}[facing=south,top=true], Block{betternether:pig_statue_respawner}[facing=east,top=true], Block{betternether:pig_statue_respawner}[facing=north,top=false], Block{betternether:pig_statue_respawner}[facing=north,top=true], Block{betternether:pig_statue_respawner}[facing=east,top=false]], maxTickets=1, validRange=1]","1"
"chefsdelight:chef_poi","class_4158[matchingStates=[Block{farmersdelight:cooking_pot}[facing=east,support=handle,waterlogged=false], Block{farmersdelight:cooking_pot}[facing=east,support=handle,waterlogged=true], Block{farmersdelight:cooking_pot}[facing=north,support=tray,waterlogged=false], Block{farmersdelight:cooking_pot}[facing=east,support=none,waterlogged=true], Block{farmersdelight:cooking_pot}[facing=west,support=tray,waterlogged=false], Block{farmersdelight:cooking_pot}[facing=north,support=none,waterlogged=true], Block{farmersdelight:cooking_pot}[facing=north,support=handle,waterlogged=true], Block{farmersdelight:cooking_pot}[facing=west,support=handle,waterlogged=true], Block{farmersdelight:cooking_pot}[facing=north,support=none,waterlogged=false], Block{farmersdelight:cooking_pot}[facing=west,support=handle,waterlogged=false], Block{farmersdelight:cooking_pot}[facing=south,support=handle,waterlogged=false], Block{farmersdelight:cooking_pot}[facing=south,support=tray,waterlogged=true], Block{farmersdelight:cooking_pot}[facing=north,support=tray,waterlogged=true], Block{farmersdelight:cooking_pot}[facing=south,support=none,waterlogged=true], Block{farmersdelight:cooking_pot}[facing=west,support=none,waterlogged=true], Block{farmersdelight:cooking_pot}[facing=south,support=none,waterlogged=false], Block{farmersdelight:cooking_pot}[facing=north,support=handle,waterlogged=false], Block{farmersdelight:cooking_pot}[facing=east,support=none,waterlogged=false], Block{farmersdelight:cooking_pot}[facing=south,support=tray,waterlogged=false], Block{farmersdelight:cooking_pot}[facing=east,support=tray,waterlogged=false], Block{farmersdelight:cooking_pot}[facing=east,support=tray,waterlogged=true], Block{farmersdelight:cooking_pot}[facing=south,support=handle,waterlogged=true], Block{farmersdelight:cooking_pot}[facing=west,support=none,waterlogged=false], Block{farmersdelight:cooking_pot}[facing=west,support=tray,waterlogged=true]], maxTickets=1, validRange=2]","2"
"chefsdelight:cook_poi","class_4158[matchingStates=[Block{farmersdelight:skillet}[facing=east,support=false,waterlogged=false], Block{farmersdelight:skillet}[facing=east,support=true,waterlogged=false], Block{farmersdelight:skillet}[facing=east,support=true,waterlogged=true], Block{farmersdelight:skillet}[facing=north,support=false,waterlogged=true], Block{farmersdelight:skillet}[facing=south,support=false,waterlogged=false], Block{farmersdelight:skillet}[facing=north,support=true,waterlogged=false], Block{farmersdelight:skillet}[facing=west,support=true,waterlogged=true], Block{farmersdelight:skillet}[facing=south,support=true,waterlogged=false], Block{farmersdelight:skillet}[facing=west,support=false,waterlogged=true], Block{farmersdelight:skillet}[facing=north,support=true,waterlogged=true], Block{farmersdelight:skillet}[facing=north,support=false,waterlogged=false], Block{farmersdelight:skillet}[facing=east,support=false,waterlogged=true], Block{farmersdelight:skillet}[facing=south,support=true,waterlogged=true], Block{farmersdelight:skillet}[facing=west,support=false,waterlogged=false], Block{farmersdelight:skillet}[facing=west,support=true,waterlogged=false], Block{farmersdelight:skillet}[facing=south,support=false,waterlogged=true]], maxTickets=1, validRange=2]","2"
"friendsandfoes:acacia_beehive","class_4158[matchingStates=[Block{friendsandfoes:acacia_beehive}[facing=north,honey_level=3], Block{friendsandfoes:acacia_beehive}[facing=south,honey_level=0], Block{friendsandfoes:acacia_beehive}[facing=east,honey_level=0], Block{friendsandfoes:acacia_beehive}[facing=west,honey_level=4], Block{friendsandfoes:acacia_beehive}[facing=south,honey_level=2], Block{friendsandfoes:acacia_beehive}[facing=west,honey_level=0], Block{friendsandfoes:acacia_beehive}[facing=south,honey_level=5], Block{friendsandfoes:acacia_beehive}[facing=north,honey_level=2], Block{friendsandfoes:acacia_beehive}[facing=north,honey_level=0], Block{friendsandfoes:acacia_beehive}[facing=west,honey_level=1], Block{friendsandfoes:acacia_beehive}[facing=south,honey_level=3], Block{friendsandfoes:acacia_beehive}[facing=south,honey_level=4], Block{friendsandfoes:acacia_beehive}[facing=east,honey_level=5], Block{friendsandfoes:acacia_beehive}[facing=east,honey_level=2], Block{friendsandfoes:acacia_beehive}[facing=south,honey_level=1], Block{friendsandfoes:acacia_beehive}[facing=west,honey_level=5], Block{friendsandfoes:acacia_beehive}[facing=east,honey_level=3], Block{friendsandfoes:acacia_beehive}[facing=west,honey_level=2], Block{friendsandfoes:acacia_beehive}[facing=east,honey_level=4], Block{friendsandfoes:acacia_beehive}[facing=north,honey_level=5], Block{friendsandfoes:acacia_beehive}[facing=east,honey_level=1], Block{friendsandfoes:acacia_beehive}[facing=north,honey_level=1], Block{friendsandfoes:acacia_beehive}[facing=north,honey_level=4], Block{friendsandfoes:acacia_beehive}[facing=west,honey_level=3]], maxTickets=1, validRange=1]","1"
"friendsandfoes:bamboo_beehive","class_4158[matchingStates=[Block{friendsandfoes:bamboo_beehive}[facing=west,honey_level=2], Block{friendsandfoes:bamboo_beehive}[facing=north,honey_level=2], Block{friendsandfoes:bamboo_beehive}[facing=east,honey_level=1], Block{friendsandfoes:bamboo_beehive}[facing=west,honey_level=1], Block{friendsandfoes:bamboo_beehive}[facing=north,honey_level=4], Block{friendsandfoes:bamboo_beehive}[facing=west,honey_level=4], Block{friendsandfoes:bamboo_beehive}[facing=west,honey_level=5], Block{friendsandfoes:bamboo_beehive}[facing=east,honey_level=4], Block{friendsandfoes:bamboo_beehive}[facing=north,honey_level=1], Block{friendsandfoes:bamboo_beehive}[facing=east,honey_level=2], Block{friendsandfoes:bamboo_beehive}[facing=east,honey_level=0], Block{friendsandfoes:bamboo_beehive}[facing=south,honey_level=3], Block{friendsandfoes:bamboo_beehive}[facing=north,honey_level=3], Block{friendsandfoes:bamboo_beehive}[facing=south,honey_level=4], Block{friendsandfoes:bamboo_beehive}[facing=south,honey_level=0], Block{friendsandfoes:bamboo_beehive}[facing=north,honey_level=0], Block{friendsandfoes:bamboo_beehive}[facing=east,honey_level=3], Block{friendsandfoes:bamboo_beehive}[facing=north,honey_level=5], Block{friendsandfoes:bamboo_beehive}[facing=west,honey_level=0], Block{friendsandfoes:bamboo_beehive}[facing=east,honey_level=5], Block{friendsandfoes:bamboo_beehive}[facing=south,honey_level=1], Block{friendsandfoes:bamboo_beehive}[facing=west,honey_level=3], Block{friendsandfoes:bamboo_beehive}[facing=south,honey_level=5], Block{friendsandfoes:bamboo_beehive}[facing=south,honey_level=2]], maxTickets=1, validRange=1]","1"
"friendsandfoes:birch_beehive","class_4158[matchingStates=[Block{friendsandfoes:birch_beehive}[facing=west,honey_level=0], Block{friendsandfoes:birch_beehive}[facing=west,honey_level=5], Block{friendsandfoes:birch_beehive}[facing=east,honey_level=1], Block{friendsandfoes:birch_beehive}[facing=north,honey_level=1], Block{friendsandfoes:birch_beehive}[facing=east,honey_level=2], Block{friendsandfoes:birch_beehive}[facing=east,honey_level=0], Block{friendsandfoes:birch_beehive}[facing=north,honey_level=3], Block{friendsandfoes:birch_beehive}[facing=west,honey_level=1], Block{friendsandfoes:birch_beehive}[facing=south,honey_level=3], Block{friendsandfoes:birch_beehive}[facing=east,honey_level=5], Block{friendsandfoes:birch_beehive}[facing=south,honey_level=2], Block{friendsandfoes:birch_beehive}[facing=west,honey_level=4], Block{friendsandfoes:birch_beehive}[facing=north,honey_level=4], Block{friendsandfoes:birch_beehive}[facing=east,honey_level=4], Block{friendsandfoes:birch_beehive}[facing=west,honey_level=2], Block{friendsandfoes:birch_beehive}[facing=north,honey_level=0], Block{friendsandfoes:birch_beehive}[facing=north,honey_level=5], Block{friendsandfoes:birch_beehive}[facing=east,honey_level=3], Block{friendsandfoes:birch_beehive}[facing=south,honey_level=5], Block{friendsandfoes:birch_beehive}[facing=west,honey_level=3], Block{friendsandfoes:birch_beehive}[facing=south,honey_level=4], Block{friendsandfoes:birch_beehive}[facing=north,honey_level=2], Block{friendsandfoes:birch_beehive}[facing=south,honey_level=0], Block{friendsandfoes:birch_beehive}[facing=south,honey_level=1]], maxTickets=1, validRange=1]","1"
"friendsandfoes:cherry_beehive","class_4158[matchingStates=[Block{friendsandfoes:cherry_beehive}[facing=east,honey_level=3], Block{friendsandfoes:cherry_beehive}[facing=east,honey_level=4], Block{friendsandfoes:cherry_beehive}[facing=south,honey_level=4], Block{friendsandfoes:cherry_beehive}[facing=west,honey_level=0], Block{friendsandfoes:cherry_beehive}[facing=north,honey_level=5], Block{friendsandfoes:cherry_beehive}[facing=south,honey_level=3], Block{friendsandfoes:cherry_beehive}[facing=south,honey_level=1], Block{friendsandfoes:cherry_beehive}[facing=east,honey_level=1], Block{friendsandfoes:cherry_beehive}[facing=east,honey_level=0], Block{friendsandfoes:cherry_beehive}[facing=west,honey_level=4], Block{friendsandfoes:cherry_beehive}[facing=north,honey_level=3], Block{friendsandfoes:cherry_beehive}[facing=east,honey_level=5], Block{friendsandfoes:cherry_beehive}[facing=south,honey_level=0], Block{friendsandfoes:cherry_beehive}[facing=west,honey_level=5], Block{friendsandfoes:cherry_beehive}[facing=north,honey_level=0], Block{friendsandfoes:cherry_beehive}[facing=north,honey_level=2], Block{friendsandfoes:cherry_beehive}[facing=east,honey_level=2], Block{friendsandfoes:cherry_beehive}[facing=north,honey_level=1], Block{friendsandfoes:cherry_beehive}[facing=west,honey_level=1], Block{friendsandfoes:cherry_beehive}[facing=south,honey_level=2], Block{friendsandfoes:cherry_beehive}[facing=north,honey_level=4], Block{friendsandfoes:cherry_beehive}[facing=south,honey_level=5], Block{friendsandfoes:cherry_beehive}[facing=west,honey_level=2], Block{friendsandfoes:cherry_beehive}[facing=west,honey_level=3]], maxTickets=1, validRange=1]","1"
"friendsandfoes:crimson_beehive","class_4158[matchingStates=[Block{friendsandfoes:crimson_beehive}[facing=south,honey_level=1], Block{friendsandfoes:crimson_beehive}[facing=north,honey_level=0], Block{friendsandfoes:crimson_beehive}[facing=north,honey_level=4], Block{friendsandfoes:crimson_beehive}[facing=east,honey_level=0], Block{friendsandfoes:crimson_beehive}[facing=east,honey_level=3], Block{friendsandfoes:crimson_beehive}[facing=south,honey_level=2], Block{friendsandfoes:crimson_beehive}[facing=east,honey_level=5], Block{friendsandfoes:crimson_beehive}[facing=west,honey_level=1], Block{friendsandfoes:crimson_beehive}[facing=south,honey_level=0], Block{friendsandfoes:crimson_beehive}[facing=north,honey_level=5], Block{friendsandfoes:crimson_beehive}[facing=south,honey_level=3], Block{friendsandfoes:crimson_beehive}[facing=east,honey_level=2], Block{friendsandfoes:crimson_beehive}[facing=east,honey_level=4], Block{friendsandfoes:crimson_beehive}[facing=north,honey_level=3], Block{friendsandfoes:crimson_beehive}[facing=west,honey_level=5], Block{friendsandfoes:crimson_beehive}[facing=east,honey_level=1], Block{friendsandfoes:crimson_beehive}[facing=west,honey_level=2], Block{friendsandfoes:crimson_beehive}[facing=north,honey_level=1], Block{friendsandfoes:crimson_beehive}[facing=west,honey_level=4], Block{friendsandfoes:crimson_beehive}[facing=west,honey_level=3], Block{friendsandfoes:crimson_beehive}[facing=west,honey_level=0], Block{friendsandfoes:crimson_beehive}[facing=south,honey_level=4], Block{friendsandfoes:crimson_beehive}[facing=south,honey_level=5], Block{friendsandfoes:crimson_beehive}[facing=north,honey_level=2]], maxTickets=1, validRange=1]","1"
"friendsandfoes:dark_oak_beehive","class_4158[matchingStates=[Block{friendsandfoes:dark_oak_beehive}[facing=south,honey_level=5], Block{friendsandfoes:dark_oak_beehive}[facing=south,honey_level=0], Block{friendsandfoes:dark_oak_beehive}[facing=west,honey_level=0], Block{friendsandfoes:dark_oak_beehive}[facing=west,honey_level=1], Block{friendsandfoes:dark_oak_beehive}[facing=west,honey_level=4], Block{friendsandfoes:dark_oak_beehive}[facing=north,honey_level=0], Block{friendsandfoes:dark_oak_beehive}[facing=north,honey_level=3], Block{friendsandfoes:dark_oak_beehive}[facing=south,honey_level=4], Block{friendsandfoes:dark_oak_beehive}[facing=west,honey_level=3], Block{friendsandfoes:dark_oak_beehive}[facing=east,honey_level=5], Block{friendsandfoes:dark_oak_beehive}[facing=north,honey_level=1], Block{friendsandfoes:dark_oak_beehive}[facing=east,honey_level=0], Block{friendsandfoes:dark_oak_beehive}[facing=south,honey_level=2], Block{friendsandfoes:dark_oak_beehive}[facing=south,honey_level=3], Block{friendsandfoes:dark_oak_beehive}[facing=west,honey_level=5], Block{friendsandfoes:dark_oak_beehive}[facing=east,honey_level=2], Block{friendsandfoes:dark_oak_beehive}[facing=north,honey_level=5], Block{friendsandfoes:dark_oak_beehive}[facing=east,honey_level=4], Block{friendsandfoes:dark_oak_beehive}[facing=west,honey_level=2], Block{friendsandfoes:dark_oak_beehive}[facing=east,honey_level=3], Block{friendsandfoes:dark_oak_beehive}[facing=east,honey_level=1], Block{friendsandfoes:dark_oak_beehive}[facing=north,honey_level=2], Block{friendsandfoes:dark_oak_beehive}[facing=south,honey_level=1], Block{friendsandfoes:dark_oak_beehive}[facing=north,honey_level=4]], maxTickets=1, validRange=1]","1"
"friendsandfoes:exposed_lightning_rod","class_4158[matchingStates=[Block{friendsandfoes:exposed_lightning_rod}[facing=west,powered=true,waterlogged=true], Block{friendsandfoes:exposed_lightning_rod}[facing=south,powered=true,waterlogged=true], Block{friendsandfoes:exposed_lightning_rod}[facing=south,powered=false,waterlogged=true], Block{friendsandfoes:exposed_lightning_rod}[facing=north,powered=true,waterlogged=false], Block{friendsandfoes:exposed_lightning_rod}[facing=down,powered=true,waterlogged=true], Block{friendsandfoes:exposed_lightning_rod}[facing=down,powered=false,waterlogged=false], Block{friendsandfoes:exposed_lightning_rod}[facing=east,powered=true,waterlogged=false], Block{friendsandfoes:exposed_lightning_rod}[facing=west,powered=false,waterlogged=true], Block{friendsandfoes:exposed_lightning_rod}[facing=east,powered=false,waterlogged=false], Block{friendsandfoes:exposed_lightning_rod}[facing=north,powered=false,waterlogged=false], Block{friendsandfoes:exposed_lightning_rod}[facing=down,powered=true,waterlogged=false], Block{friendsandfoes:exposed_lightning_rod}[facing=south,powered=false,waterlogged=false], Block{friendsandfoes:exposed_lightning_rod}[facing=south,powered=true,waterlogged=false], Block{friendsandfoes:exposed_lightning_rod}[facing=east,powered=false,waterlogged=true], Block{friendsandfoes:exposed_lightning_rod}[facing=west,powered=true,waterlogged=false], Block{friendsandfoes:exposed_lightning_rod}[facing=east,powered=true,waterlogged=true], Block{friendsandfoes:exposed_lightning_rod}[facing=up,powered=true,waterlogged=true], Block{friendsandfoes:exposed_lightning_rod}[facing=north,powered=true,waterlogged=true], Block{friendsandfoes:exposed_lightning_rod}[facing=up,powered=false,waterlogged=true], Block{friendsandfoes:exposed_lightning_rod}[facing=north,powered=false,waterlogged=true], Block{friendsandfoes:exposed_lightning_rod}[facing=up,powered=true,waterlogged=false], Block{friendsandfoes:exposed_lightning_rod}[facing=west,powered=false,waterlogged=false], Block{friendsandfoes:exposed_lightning_rod}[facing=up,powered=false,waterlogged=false], Block{friendsandfoes:exposed_lightning_rod}[facing=down,powered=false,waterlogged=true]], maxTickets=0, validRange=1]","1"
"friendsandfoes:jungle_beehive","class_4158[matchingStates=[Block{friendsandfoes:jungle_beehive}[facing=east,honey_level=5], Block{friendsandfoes:jungle_beehive}[facing=east,honey_level=3], Block{friendsandfoes:jungle_beehive}[facing=west,honey_level=0], Block{friendsandfoes:jungle_beehive}[facing=south,honey_level=1], Block{friendsandfoes:jungle_beehive}[facing=north,honey_level=2], Block{friendsandfoes:jungle_beehive}[facing=north,honey_level=3], Block{friendsandfoes:jungle_beehive}[facing=west,honey_level=5], Block{friendsandfoes:jungle_beehive}[facing=north,honey_level=4], Block{friendsandfoes:jungle_beehive}[facing=east,honey_level=2], Block{friendsandfoes:jungle_beehive}[facing=west,honey_level=2], Block{friendsandfoes:jungle_beehive}[facing=west,honey_level=3], Block{friendsandfoes:jungle_beehive}[facing=south,honey_level=5], Block{friendsandfoes:jungle_beehive}[facing=south,honey_level=4], Block{friendsandfoes:jungle_beehive}[facing=south,honey_level=3], Block{friendsandfoes:jungle_beehive}[facing=east,honey_level=1], Block{friendsandfoes:jungle_beehive}[facing=south,honey_level=0], Block{friendsandfoes:jungle_beehive}[facing=north,honey_level=1], Block{friendsandfoes:jungle_beehive}[facing=west,honey_level=4], Block{friendsandfoes:jungle_beehive}[facing=east,honey_level=0], Block{friendsandfoes:jungle_beehive}[facing=north,honey_level=0], Block{friendsandfoes:jungle_beehive}[facing=north,honey_level=5], Block{friendsandfoes:jungle_beehive}[facing=south,honey_level=2], Block{friendsandfoes:jungle_beehive}[facing=east,honey_level=4], Block{friendsandfoes:jungle_beehive}[facing=west,honey_level=1]], maxTickets=1, validRange=1]","1"
"friendsandfoes:mangrove_beehive","class_4158[matchingStates=[Block{friendsandfoes:mangrove_beehive}[facing=south,honey_level=4], Block{friendsandfoes:mangrove_beehive}[facing=north,honey_level=5], Block{friendsandfoes:mangrove_beehive}[facing=north,honey_level=4], Block{friendsandfoes:mangrove_beehive}[facing=east,honey_level=0], Block{friendsandfoes:mangrove_beehive}[facing=west,honey_level=0], Block{friendsandfoes:mangrove_beehive}[facing=south,honey_level=0], Block{friendsandfoes:mangrove_beehive}[facing=east,honey_level=1], Block{friendsandfoes:mangrove_beehive}[facing=east,honey_level=3], Block{friendsandfoes:mangrove_beehive}[facing=south,honey_level=2], Block{friendsandfoes:mangrove_beehive}[facing=south,honey_level=3], Block{friendsandfoes:mangrove_beehive}[facing=north,honey_level=2], Block{friendsandfoes:mangrove_beehive}[facing=south,honey_level=5], Block{friendsandfoes:mangrove_beehive}[facing=east,honey_level=2], Block{friendsandfoes:mangrove_beehive}[facing=south,honey_level=1], Block{friendsandfoes:mangrove_beehive}[facing=north,honey_level=3], Block{friendsandfoes:mangrove_beehive}[facing=west,honey_level=4], Block{friendsandfoes:mangrove_beehive}[facing=west,honey_level=3], Block{friendsandfoes:mangrove_beehive}[facing=east,honey_level=5], Block{friendsandfoes:mangrove_beehive}[facing=west,honey_level=2], Block{friendsandfoes:mangrove_beehive}[facing=east,honey_level=4], Block{friendsandfoes:mangrove_beehive}[facing=west,honey_level=1], Block{friendsandfoes:mangrove_beehive}[facing=north,honey_level=1], Block{friendsandfoes:mangrove_beehive}[facing=west,honey_level=5], Block{friendsandfoes:mangrove_beehive}[facing=north,honey_level=0]], maxTickets=1, validRange=1]","1"
"friendsandfoes:oxidized_lightning_rod","class_4158[matchingStates=[Block{friendsandfoes:oxidized_lightning_rod}[facing=up,powered=true,waterlogged=false], Block{friendsandfoes:oxidized_lightning_rod}[facing=south,powered=true,waterlogged=true], Block{friendsandfoes:oxidized_lightning_rod}[facing=down,powered=false,waterlogged=false], Block{friendsandfoes:oxidized_lightning_rod}[facing=east,powered=false,waterlogged=true], Block{friendsandfoes:oxidized_lightning_rod}[facing=up,powered=false,waterlogged=false], Block{friendsandfoes:oxidized_lightning_rod}[facing=east,powered=false,waterlogged=false], Block{friendsandfoes:oxidized_lightning_rod}[facing=north,powered=true,waterlogged=false], Block{friendsandfoes:oxidized_lightning_rod}[facing=north,powered=true,waterlogged=true], Block{friendsandfoes:oxidized_lightning_rod}[facing=down,powered=false,waterlogged=true], Block{friendsandfoes:oxidized_lightning_rod}[facing=east,powered=true,waterlogged=false], Block{friendsandfoes:oxidized_lightning_rod}[facing=west,powered=true,waterlogged=false], Block{friendsandfoes:oxidized_lightning_rod}[facing=up,powered=false,waterlogged=true], Block{friendsandfoes:oxidized_lightning_rod}[facing=west,powered=false,waterlogged=true], Block{friendsandfoes:oxidized_lightning_rod}[facing=west,powered=false,waterlogged=false], Block{friendsandfoes:oxidized_lightning_rod}[facing=south,powered=false,waterlogged=false], Block{friendsandfoes:oxidized_lightning_rod}[facing=north,powered=false,waterlogged=true], Block{friendsandfoes:oxidized_lightning_rod}[facing=down,powered=true,waterlogged=false], Block{friendsandfoes:oxidized_lightning_rod}[facing=west,powered=true,waterlogged=true], Block{friendsandfoes:oxidized_lightning_rod}[facing=south,powered=false,waterlogged=true], Block{friendsandfoes:oxidized_lightning_rod}[facing=up,powered=true,waterlogged=true], Block{friendsandfoes:oxidized_lightning_rod}[facing=north,powered=false,waterlogged=false], Block{friendsandfoes:oxidized_lightning_rod}[facing=south,powered=true,waterlogged=false], Block{friendsandfoes:oxidized_lightning_rod}[facing=east,powered=true,waterlogged=true], Block{friendsandfoes:oxidized_lightning_rod}[facing=down,powered=true,waterlogged=true]], maxTickets=0, validRange=1]","1"
"friendsandfoes:spruce_beehive","class_4158[matchingStates=[Block{friendsandfoes:spruce_beehive}[facing=west,honey_level=4], Block{friendsandfoes:spruce_beehive}[facing=west,honey_level=0], Block{friendsandfoes:spruce_beehive}[facing=south,honey_level=1], Block{friendsandfoes:spruce_beehive}[facing=south,honey_level=4], Block{friendsandfoes:spruce_beehive}[facing=east,honey_level=3], Block{friendsandfoes:spruce_beehive}[facing=west,honey_level=1], Block{friendsandfoes:spruce_beehive}[facing=north,honey_level=3], Block{friendsandfoes:spruce_beehive}[facing=south,honey_level=3], Block{friendsandfoes:spruce_beehive}[facing=east,honey_level=5], Block{friendsandfoes:spruce_beehive}[facing=north,honey_level=1], Block{friendsandfoes:spruce_beehive}[facing=east,honey_level=0], Block{friendsandfoes:spruce_beehive}[facing=north,honey_level=2], Block{friendsandfoes:spruce_beehive}[facing=north,honey_level=5], Block{friendsandfoes:spruce_beehive}[facing=west,honey_level=2], Block{friendsandfoes:spruce_beehive}[facing=north,honey_level=4], Block{friendsandfoes:spruce_beehive}[facing=east,honey_level=2], Block{friendsandfoes:spruce_beehive}[facing=south,honey_level=5], Block{friendsandfoes:spruce_beehive}[facing=east,honey_level=1], Block{friendsandfoes:spruce_beehive}[facing=south,honey_level=2], Block{friendsandfoes:spruce_beehive}[facing=north,honey_level=0], Block{friendsandfoes:spruce_beehive}[facing=west,honey_level=3], Block{friendsandfoes:spruce_beehive}[facing=south,honey_level=0], Block{friendsandfoes:spruce_beehive}[facing=west,honey_level=5], Block{friendsandfoes:spruce_beehive}[facing=east,honey_level=4]], maxTickets=1, validRange=1]","1"
"friendsandfoes:warped_beehive","class_4158[matchingStates=[Block{friendsandfoes:warped_beehive}[facing=north,honey_level=0], Block{friendsandfoes:warped_beehive}[facing=north,honey_level=4], Block{friendsandfoes:warped_beehive}[facing=west,honey_level=5], Block{friendsandfoes:warped_beehive}[facing=south,honey_level=3], Block{friendsandfoes:warped_beehive}[facing=west,honey_level=4], Block{friendsandfoes:warped_beehive}[facing=east,honey_level=2], Block{friendsandfoes:warped_beehive}[facing=east,honey_level=3], Block{friendsandfoes:warped_beehive}[facing=north,honey_level=2], Block{friendsandfoes:warped_beehive}[facing=south,honey_level=2], Block{friendsandfoes:warped_beehive}[facing=west,honey_level=0], Block{friendsandfoes:warped_beehive}[facing=west,honey_level=3], Block{friendsandfoes:warped_beehive}[facing=south,honey_level=4], Block{friendsandfoes:warped_beehive}[facing=south,honey_level=0], Block{friendsandfoes:warped_beehive}[facing=south,honey_level=5], Block{friendsandfoes:warped_beehive}[facing=east,honey_level=5], Block{friendsandfoes:warped_beehive}[facing=south,honey_level=1], Block{friendsandfoes:warped_beehive}[facing=north,honey_level=3], Block{friendsandfoes:warped_beehive}[facing=north,honey_level=1], Block{friendsandfoes:warped_beehive}[facing=west,honey_level=2], Block{friendsandfoes:warped_beehive}[facing=east,honey_level=1], Block{friendsandfoes:warped_beehive}[facing=east,honey_level=0], Block{friendsandfoes:warped_beehive}[facing=west,honey_level=1], Block{friendsandfoes:warped_beehive}[facing=east,honey_level=4], Block{friendsandfoes:warped_beehive}[facing=north,honey_level=5]], maxTickets=1, validRange=1]","1"
"friendsandfoes:waxed_exposed_lightning_rod","class_4158[matchingStates=[Block{friendsandfoes:waxed_exposed_lightning_rod}[facing=north,powered=false,waterlogged=true], Block{friendsandfoes:waxed_exposed_lightning_rod}[facing=west,powered=false,waterlogged=true], Block{friendsandfoes:waxed_exposed_lightning_rod}[facing=west,powered=true,waterlogged=false], Block{friendsandfoes:waxed_exposed_lightning_rod}[facing=down,powered=true,waterlogged=true], Block{friendsandfoes:waxed_exposed_lightning_rod}[facing=east,powered=false,waterlogged=true], Block{friendsandfoes:waxed_exposed_lightning_rod}[facing=down,powered=false,waterlogged=false], Block{friendsandfoes:waxed_exposed_lightning_rod}[facing=north,powered=true,waterlogged=true], Block{friendsandfoes:waxed_exposed_lightning_rod}[facing=east,powered=false,waterlogged=false], Block{friendsandfoes:waxed_exposed_lightning_rod}[facing=south,powered=false,waterlogged=false], Block{friendsandfoes:waxed_exposed_lightning_rod}[facing=south,powered=true,waterlogged=false], Block{friendsandfoes:waxed_exposed_lightning_rod}[facing=south,powered=true,waterlogged=true], Block{friendsandfoes:waxed_exposed_lightning_rod}[facing=up,powered=true,waterlogged=false], Block{friendsandfoes:waxed_exposed_lightning_rod}[facing=north,powered=false,waterlogged=false], Block{friendsandfoes:waxed_exposed_lightning_rod}[facing=down,powered=false,waterlogged=true], Block{friendsandfoes:waxed_exposed_lightning_rod}[facing=west,powered=true,waterlogged=true], Block{friendsandfoes:waxed_exposed_lightning_rod}[facing=up,powered=false,waterlogged=true], Block{friendsandfoes:waxed_exposed_lightning_rod}[facing=down,powered=true,waterlogged=false], Block{friendsandfoes:waxed_exposed_lightning_rod}[facing=east,powered=true,waterlogged=true], Block{friendsandfoes:waxed_exposed_lightning_rod}[facing=east,powered=true,waterlogged=false], Block{friendsandfoes:waxed_exposed_lightning_rod}[facing=south,powered=false,waterlogged=true], Block{friendsandfoes:waxed_exposed_lightning_rod}[facing=north,powered=true,waterlogged=false], Block{friendsandfoes:waxed_exposed_lightning_rod}[facing=up,powered=true,waterlogged=true], Block{friendsandfoes:waxed_exposed_lightning_rod}[facing=up,powered=false,waterlogged=false], Block{friendsandfoes:waxed_exposed_lightning_rod}[facing=west,powered=false,waterlogged=false]], maxTickets=0, validRange=1]","1"
"friendsandfoes:waxed_lightning_rod","class_4158[matchingStates=[Block{friendsandfoes:waxed_lightning_rod}[facing=north,powered=true,waterlogged=true], Block{friendsandfoes:waxed_lightning_rod}[facing=down,powered=true,waterlogged=false], Block{friendsandfoes:waxed_lightning_rod}[facing=down,powered=false,waterlogged=false], Block{friendsandfoes:waxed_lightning_rod}[facing=west,powered=true,waterlogged=true], Block{friendsandfoes:waxed_lightning_rod}[facing=up,powered=true,waterlogged=true], Block{friendsandfoes:waxed_lightning_rod}[facing=north,powered=true,waterlogged=false], Block{friendsandfoes:waxed_lightning_rod}[facing=up,powered=true,waterlogged=false], Block{friendsandfoes:waxed_lightning_rod}[facing=north,powered=false,waterlogged=false], Block{friendsandfoes:waxed_lightning_rod}[facing=north,powered=false,waterlogged=true], Block{friendsandfoes:waxed_lightning_rod}[facing=south,powered=false,waterlogged=true], Block{friendsandfoes:waxed_lightning_rod}[facing=up,powered=false,waterlogged=false], Block{friendsandfoes:waxed_lightning_rod}[facing=east,powered=true,waterlogged=false], Block{friendsandfoes:waxed_lightning_rod}[facing=east,powered=true,waterlogged=true], Block{friendsandfoes:waxed_lightning_rod}[facing=south,powered=true,waterlogged=false], Block{friendsandfoes:waxed_lightning_rod}[facing=south,powered=false,waterlogged=false], Block{friendsandfoes:waxed_lightning_rod}[facing=west,powered=true,waterlogged=false], Block{friendsandfoes:waxed_lightning_rod}[facing=south,powered=true,waterlogged=true], Block{friendsandfoes:waxed_lightning_rod}[facing=down,powered=true,waterlogged=true], Block{friendsandfoes:waxed_lightning_rod}[facing=up,powered=false,waterlogged=true], Block{friendsandfoes:waxed_lightning_rod}[facing=east,powered=false,waterlogged=true], Block{friendsandfoes:waxed_lightning_rod}[facing=east,powered=false,waterlogged=false], Block{friendsandfoes:waxed_lightning_rod}[facing=west,powered=false,waterlogged=false], Block{friendsandfoes:waxed_lightning_rod}[facing=down,powered=false,waterlogged=true], Block{friendsandfoes:waxed_lightning_rod}[facing=west,powered=false,waterlogged=true]], maxTickets=0, validRange=1]","1"
"friendsandfoes:waxed_oxidized_lightning_rod","class_4158[matchingStates=[Block{friendsandfoes:waxed_oxidized_lightning_rod}[facing=west,powered=false,waterlogged=true], Block{friendsandfoes:waxed_oxidized_lightning_rod}[facing=up,powered=false,waterlogged=false], Block{friendsandfoes:waxed_oxidized_lightning_rod}[facing=up,powered=false,waterlogged=true], Block{friendsandfoes:waxed_oxidized_lightning_rod}[facing=west,powered=false,waterlogged=false], Block{friendsandfoes:waxed_oxidized_lightning_rod}[facing=up,powered=true,waterlogged=true], Block{friendsandfoes:waxed_oxidized_lightning_rod}[facing=north,powered=true,waterlogged=false], Block{friendsandfoes:waxed_oxidized_lightning_rod}[facing=north,powered=false,waterlogged=true], Block{friendsandfoes:waxed_oxidized_lightning_rod}[facing=west,powered=true,waterlogged=false], Block{friendsandfoes:waxed_oxidized_lightning_rod}[facing=up,powered=true,waterlogged=false], Block{friendsandfoes:waxed_oxidized_lightning_rod}[facing=east,powered=false,waterlogged=true], Block{friendsandfoes:waxed_oxidized_lightning_rod}[facing=down,powered=true,waterlogged=true], Block{friendsandfoes:waxed_oxidized_lightning_rod}[facing=east,powered=false,waterlogged=false], Block{friendsandfoes:waxed_oxidized_lightning_rod}[facing=north,powered=true,waterlogged=true], Block{friendsandfoes:waxed_oxidized_lightning_rod}[facing=east,powered=true,waterlogged=false], Block{friendsandfoes:waxed_oxidized_lightning_rod}[facing=down,powered=false,waterlogged=true], Block{friendsandfoes:waxed_oxidized_lightning_rod}[facing=east,powered=true,waterlogged=true], Block{friendsandfoes:waxed_oxidized_lightning_rod}[facing=down,powered=true,waterlogged=false], Block{friendsandfoes:waxed_oxidized_lightning_rod}[facing=south,powered=false,waterlogged=true], Block{friendsandfoes:waxed_oxidized_lightning_rod}[facing=south,powered=false,waterlogged=false], Block{friendsandfoes:waxed_oxidized_lightning_rod}[facing=west,powered=true,waterlogged=true], Block{friendsandfoes:waxed_oxidized_lightning_rod}[facing=south,powered=true,waterlogged=false], Block{friendsandfoes:waxed_oxidized_lightning_rod}[facing=down,powered=false,waterlogged=false], Block{friendsandfoes:waxed_oxidized_lightning_rod}[facing=north,powered=false,waterlogged=false], Block{friendsandfoes:waxed_oxidized_lightning_rod}[facing=south,powered=true,waterlogged=true]], maxTickets=0, validRange=1]","1"
"friendsandfoes:waxed_weathered_lightning_rod","class_4158[matchingStates=[Block{friendsandfoes:waxed_weathered_lightning_rod}[facing=east,powered=false,waterlogged=false], Block{friendsandfoes:waxed_weathered_lightning_rod}[facing=down,powered=false,waterlogged=true], Block{friendsandfoes:waxed_weathered_lightning_rod}[facing=west,powered=true,waterlogged=true], Block{friendsandfoes:waxed_weathered_lightning_rod}[facing=east,powered=true,waterlogged=true], Block{friendsandfoes:waxed_weathered_lightning_rod}[facing=up,powered=true,waterlogged=false], Block{friendsandfoes:waxed_weathered_lightning_rod}[facing=up,powered=false,waterlogged=false], Block{friendsandfoes:waxed_weathered_lightning_rod}[facing=west,powered=false,waterlogged=true], Block{friendsandfoes:waxed_weathered_lightning_rod}[facing=down,powered=false,waterlogged=false], Block{friendsandfoes:waxed_weathered_lightning_rod}[facing=south,powered=true,waterlogged=false], Block{friendsandfoes:waxed_weathered_lightning_rod}[facing=east,powered=true,waterlogged=false], Block{friendsandfoes:waxed_weathered_lightning_rod}[facing=up,powered=false,waterlogged=true], Block{friendsandfoes:waxed_weathered_lightning_rod}[facing=north,powered=true,waterlogged=false], Block{friendsandfoes:waxed_weathered_lightning_rod}[facing=south,powered=true,waterlogged=true], Block{friendsandfoes:waxed_weathered_lightning_rod}[facing=down,powered=true,waterlogged=true], Block{friendsandfoes:waxed_weathered_lightning_rod}[facing=east,powered=false,waterlogged=true], Block{friendsandfoes:waxed_weathered_lightning_rod}[facing=west,powered=true,waterlogged=false], Block{friendsandfoes:waxed_weathered_lightning_rod}[facing=north,powered=true,waterlogged=true], Block{friendsandfoes:waxed_weathered_lightning_rod}[facing=west,powered=false,waterlogged=false], Block{friendsandfoes:waxed_weathered_lightning_rod}[facing=north,powered=false,waterlogged=true], Block{friendsandfoes:waxed_weathered_lightning_rod}[facing=south,powered=false,waterlogged=false], Block{friendsandfoes:waxed_weathered_lightning_rod}[facing=north,powered=false,waterlogged=false], Block{friendsandfoes:waxed_weathered_lightning_rod}[facing=south,powered=false,waterlogged=true], Block{friendsandfoes:waxed_weathered_lightning_rod}[facing=up,powered=true,waterlogged=true], Block{friendsandfoes:waxed_weathered_lightning_rod}[facing=down,powered=true,waterlogged=false]], maxTickets=0, validRange=1]","1"
"friendsandfoes:weathered_lightning_rod","class_4158[matchingStates=[Block{friendsandfoes:weathered_lightning_rod}[facing=west,powered=true,waterlogged=true], Block{friendsandfoes:weathered_lightning_rod}[facing=down,powered=true,waterlogged=true], Block{friendsandfoes:weathered_lightning_rod}[facing=down,powered=true,waterlogged=false], Block{friendsandfoes:weathered_lightning_rod}[facing=south,powered=false,waterlogged=true], Block{friendsandfoes:weathered_lightning_rod}[facing=south,powered=true,waterlogged=false], Block{friendsandfoes:weathered_lightning_rod}[facing=east,powered=false,waterlogged=true], Block{friendsandfoes:weathered_lightning_rod}[facing=west,powered=false,waterlogged=false], Block{friendsandfoes:weathered_lightning_rod}[facing=north,powered=true,waterlogged=true], Block{friendsandfoes:weathered_lightning_rod}[facing=east,powered=false,waterlogged=false], Block{friendsandfoes:weathered_lightning_rod}[facing=up,powered=false,waterlogged=false], Block{friendsandfoes:weathered_lightning_rod}[facing=down,powered=false,waterlogged=false], Block{friendsandfoes:weathered_lightning_rod}[facing=south,powered=true,waterlogged=true], Block{friendsandfoes:weathered_lightning_rod}[facing=up,powered=true,waterlogged=true], Block{friendsandfoes:weathered_lightning_rod}[facing=west,powered=true,waterlogged=false], Block{friendsandfoes:weathered_lightning_rod}[facing=east,powered=true,waterlogged=true], Block{friendsandfoes:weathered_lightning_rod}[facing=west,powered=false,waterlogged=true], Block{friendsandfoes:weathered_lightning_rod}[facing=up,powered=false,waterlogged=true], Block{friendsandfoes:weathered_lightning_rod}[facing=south,powered=false,waterlogged=false], Block{friendsandfoes:weathered_lightning_rod}[facing=up,powered=true,waterlogged=false], Block{friendsandfoes:weathered_lightning_rod}[facing=north,powered=false,waterlogged=true], Block{friendsandfoes:weathered_lightning_rod}[facing=north,powered=true,waterlogged=false], Block{friendsandfoes:weathered_lightning_rod}[facing=north,powered=false,waterlogged=false], Block{friendsandfoes:weathered_lightning_rod}[facing=down,powered=false,waterlogged=true], Block{friendsandfoes:weathered_lightning_rod}[facing=east,powered=true,waterlogged=false]], maxTickets=0, validRange=1]","1"
"galosphere:burrow_anchor","class_4158[matchingStates=[Block{galosphere:burrow_anchor}[powered=true,waterlogged=false], Block{galosphere:burrow_anchor}[powered=false,waterlogged=false], Block{galosphere:burrow_anchor}[powered=false,waterlogged=true], Block{galosphere:burrow_anchor}[powered=true,waterlogged=true]], maxTickets=0, validRange=1]","1"
"magnumtorch:amethyst_magnum_torch","class_4158[matchingStates=[Block{magnumtorch:amethyst_magnum_torch}[waterlogged=true], Block{magnumtorch:amethyst_magnum_torch}[waterlogged=false]], maxTickets=0, validRange=1]","1"
"magnumtorch:diamond_magnum_torch","class_4158[matchingStates=[Block{magnumtorch:diamond_magnum_torch}[waterlogged=true], Block{magnumtorch:diamond_magnum_torch}[waterlogged=false]], maxTickets=0, validRange=1]","1"
"magnumtorch:emerald_magnum_torch","class_4158[matchingStates=[Block{magnumtorch:emerald_magnum_torch}[waterlogged=false], Block{magnumtorch:emerald_magnum_torch}[waterlogged=true]], maxTickets=0, validRange=1]","1"
"meadow:cheesemaker_poi","class_4158[matchingStates=[Block{meadow:cheese_form}[done=false,facing=east,working=true], Block{meadow:cheese_form}[done=true,facing=east,working=false], Block{meadow:cheese_form}[done=false,facing=east,working=false], Block{meadow:cheese_form}[done=false,facing=north,working=false], Block{meadow:cheese_form}[done=false,facing=north,working=true], Block{meadow:cheese_form}[done=true,facing=north,working=true], Block{meadow:cheese_form}[done=true,facing=west,working=true], Block{meadow:cheese_form}[done=false,facing=west,working=true], Block{meadow:cheese_form}[done=true,facing=east,working=true], Block{meadow:cheese_form}[done=false,facing=south,working=true], Block{meadow:cheese_form}[done=true,facing=south,working=false], Block{meadow:cheese_form}[done=true,facing=north,working=false], Block{meadow:cheese_form}[done=true,facing=west,working=false], Block{meadow:cheese_form}[done=false,facing=south,working=false], Block{meadow:cheese_form}[done=false,facing=west,working=false], Block{meadow:cheese_form}[done=true,facing=south,working=true]], maxTickets=1, validRange=12]","12"
"meadow:hermit_poi","class_4158[matchingStates=[Block{meadow:woodcutter}[facing=west], Block{meadow:woodcutter}[facing=south], Block{meadow:woodcutter}[facing=north], Block{meadow:woodcutter}[facing=east]], maxTickets=1, validRange=12]","12"
"minecraft:armorer","class_4158[matchingStates=[Block{minecraft:blast_furnace}[facing=west,lit=true], Block{minecraft:blast_furnace}[facing=east,lit=true], Block{minecraft:blast_furnace}[facing=south,lit=true], Block{minecraft:blast_furnace}[facing=west,lit=false], Block{minecraft:blast_furnace}[facing=south,lit=false], Block{minecraft:blast_furnace}[facing=north,lit=false], Block{minecraft:blast_furnace}[facing=east,lit=false], Block{minecraft:blast_furnace}[facing=north,lit=true]], maxTickets=1, validRange=1]","1"
"minecraft:bee_nest","class_4158[matchingStates=[Block{minecraft:bee_nest}[facing=west,honey_level=0], Block{minecraft:bee_nest}[facing=east,honey_level=5], Block{minecraft:bee_nest}[facing=south,honey_level=2], Block{minecraft:bee_nest}[facing=west,honey_level=4], Block{minecraft:bee_nest}[facing=south,honey_level=1], Block{minecraft:bee_nest}[facing=south,honey_level=5], Block{minecraft:bee_nest}[facing=east,honey_level=4], Block{minecraft:bee_nest}[facing=north,honey_level=2], Block{minecraft:bee_nest}[facing=west,honey_level=2], Block{minecraft:bee_nest}[facing=east,honey_level=1], Block{minecraft:bee_nest}[facing=east,honey_level=2], Block{minecraft:bee_nest}[facing=north,honey_level=0], Block{minecraft:bee_nest}[facing=south,honey_level=4], Block{minecraft:bee_nest}[facing=east,honey_level=0], Block{minecraft:bee_nest}[facing=north,honey_level=5], Block{minecraft:bee_nest}[facing=south,honey_level=3], Block{minecraft:bee_nest}[facing=south,honey_level=0], Block{minecraft:bee_nest}[facing=north,honey_level=1], Block{minecraft:bee_nest}[facing=west,honey_level=3], Block{minecraft:bee_nest}[facing=north,honey_level=4], Block{minecraft:bee_nest}[facing=west,honey_level=5], Block{minecraft:bee_nest}[facing=east,honey_level=3], Block{minecraft:bee_nest}[facing=north,honey_level=3], Block{minecraft:bee_nest}[facing=west,honey_level=1]], maxTickets=0, validRange=1]","1"
"minecraft:beehive","class_4158[matchingStates=[Block{minecraft:beehive}[facing=north,honey_level=1], Block{minecraft:beehive}[facing=east,honey_level=4], Block{minecraft:beehive}[facing=east,honey_level=2], Block{minecraft:beehive}[facing=east,honey_level=1], Block{minecraft:beehive}[facing=north,honey_level=0], Block{minecraft:beehive}[facing=south,honey_level=4], Block{minecraft:beehive}[facing=west,honey_level=5], Block{minecraft:beehive}[facing=north,honey_level=4], Block{minecraft:beehive}[facing=west,honey_level=1], Block{minecraft:beehive}[facing=east,honey_level=5], Block{minecraft:beehive}[facing=west,honey_level=3], Block{minecraft:beehive}[facing=north,honey_level=2], Block{minecraft:beehive}[facing=south,honey_level=1], Block{minecraft:beehive}[facing=east,honey_level=3], Block{minecraft:beehive}[facing=north,honey_level=3], Block{minecraft:beehive}[facing=south,honey_level=5], Block{minecraft:beehive}[facing=west,honey_level=2], Block{minecraft:beehive}[facing=south,honey_level=3], Block{minecraft:beehive}[facing=south,honey_level=0], Block{minecraft:beehive}[facing=west,honey_level=0], Block{minecraft:beehive}[facing=east,honey_level=0], Block{minecraft:beehive}[facing=north,honey_level=5], Block{minecraft:beehive}[facing=west,honey_level=4], Block{minecraft:beehive}[facing=south,honey_level=2]], maxTickets=1, validRange=1]","1"
"minecraft:butcher","class_4158[matchingStates=[Block{minecraft:smoker}[facing=west,lit=true], Block{minecraft:smoker}[facing=east,lit=true], Block{minecraft:smoker}[facing=north,lit=true], Block{minecraft:smoker}[facing=north,lit=false], Block{minecraft:smoker}[facing=west,lit=false], Block{minecraft:smoker}[facing=east,lit=false], Block{minecraft:smoker}[facing=south,lit=true], Block{minecraft:smoker}[facing=south,lit=false]], maxTickets=1, validRange=1]","1"
"minecraft:cartographer","class_4158[matchingStates=[Block{minecraft:cartography_table}], maxTickets=1, validRange=1]","1"
"minecraft:cleric","class_4158[matchingStates=[Block{minecraft:brewing_stand}[has_bottle_0=false,has_bottle_1=false,has_bottle_2=false], Block{minecraft:brewing_stand}[has_bottle_0=true,has_bottle_1=false,has_bottle_2=false], Block{minecraft:brewing_stand}[has_bottle_0=true,has_bottle_1=false,has_bottle_2=true], Block{minecraft:brewing_stand}[has_bottle_0=false,has_bottle_1=false,has_bottle_2=true], Block{minecraft:brewing_stand}[has_bottle_0=true,has_bottle_1=true,has_bottle_2=true], Block{minecraft:brewing_stand}[has_bottle_0=true,has_bottle_1=true,has_bottle_2=false], Block{minecraft:brewing_stand}[has_bottle_0=false,has_bottle_1=true,has_bottle_2=false], Block{minecraft:brewing_stand}[has_bottle_0=false,has_bottle_1=true,has_bottle_2=true]], maxTickets=1, validRange=1]","1"
"minecraft:farmer","class_4158[matchingStates=[Block{minecraft:composter}[level=0], Block{minecraft:composter}[level=4], Block{minecraft:composter}[level=3], Block{minecraft:composter}[level=5], Block{minecraft:composter}[level=7], Block{minecraft:composter}[level=8], Block{minecraft:composter}[level=1], Block{minecraft:composter}[level=6], Block{minecraft:composter}[level=2]], maxTickets=1, validRange=1]","1"
"minecraft:fisherman","class_4158[matchingStates=[Block{minecraft:barrel}[facing=south,open=false], Block{minecraft:barrel}[facing=west,open=true], Block{minecraft:barrel}[facing=east,open=true], Block{minecraft:barrel}[facing=south,open=true], Block{minecraft:barrel}[facing=west,open=false], Block{minecraft:barrel}[facing=north,open=false], Block{minecraft:barrel}[facing=down,open=false], Block{minecraft:barrel}[facing=down,open=true], Block{minecraft:barrel}[facing=up,open=true], Block{minecraft:barrel}[facing=north,open=true], Block{minecraft:barrel}[facing=up,open=false], Block{minecraft:barrel}[facing=east,open=false]], maxTickets=1, validRange=1]","1"
"minecraft:fletcher","class_4158[matchingStates=[Block{minecraft:fletching_table}], maxTickets=1, validRange=1]","1"
"minecraft:home","class_4158[matchingStates=[Block{minecraft:lime_bed}[facing=west,occupied=true,part=head], Block{minecraft:lime_bed}[facing=east,occupied=false,part=head], Block{minecraft:gray_bed}[facing=south,occupied=false,part=head], Block{minecraft:gray_bed}[facing=south,occupied=true,part=head], Block{minecraft:magenta_bed}[facing=east,occupied=true,part=head], Block{minecraft:purple_bed}[facing=south,occupied=true,part=head], Block{minecraft:magenta_bed}[facing=north,occupied=false,part=head], Block{minecraft:lime_bed}[facing=north,occupied=false,part=head], Block{minecraft:orange_bed}[facing=south,occupied=true,part=head], Block{minecraft:blue_bed}[facing=east,occupied=true,part=head], Block{minecraft:purple_bed}[facing=north,occupied=true,part=head], Block{minecraft:light_gray_bed}[facing=south,occupied=false,part=head], Block{minecraft:cyan_bed}[facing=west,occupied=true,part=head], Block{minecraft:lime_bed}[facing=south,occupied=false,part=head], Block{minecraft:magenta_bed}[facing=west,occupied=false,part=head], Block{minecraft:cyan_bed}[facing=west,occupied=false,part=head], Block{minecraft:orange_bed}[facing=north,occupied=true,part=head], Block{minecraft:light_gray_bed}[facing=west,occupied=true,part=head], Block{minecraft:black_bed}[facing=north,occupied=false,part=head], Block{minecraft:magenta_bed}[facing=south,occupied=false,part=head], Block{minecraft:red_bed}[facing=west,occupied=true,part=head], Block{minecraft:purple_bed}[facing=east,occupied=false,part=head], Block{minecraft:light_gray_bed}[facing=east,occupied=false,part=head], Block{minecraft:red_bed}[facing=north,occupied=true,part=head], Block{minecraft:brown_bed}[facing=north,occupied=true,part=head], Block{minecraft:brown_bed}[facing=east,occupied=true,part=head], Block{minecraft:green_bed}[facing=east,occupied=false,part=head], Block{minecraft:pink_bed}[facing=east,occupied=true,part=head], Block{minecraft:green_bed}[facing=south,occupied=true,part=head], Block{minecraft:white_bed}[facing=north,occupied=false,part=head], Block{minecraft:lime_bed}[facing=west,occupied=false,part=head], Block{minecraft:light_blue_bed}[facing=east,occupied=true,part=head], Block{minecraft:purple_bed}[facing=north,occupied=false,part=head], Block{minecraft:yellow_bed}[facing=south,occupied=false,part=head], Block{minecraft:brown_bed}[facing=south,occupied=false,part=head], Block{minecraft:pink_bed}[facing=south,occupied=false,part=head], Block{minecraft:blue_bed}[facing=east,occupied=false,part=head], Block{minecraft:light_gray_bed}[facing=south,occupied=true,part=head], Block{minecraft:black_bed}[facing=west,occupied=false,part=head], Block{minecraft:orange_bed}[facing=east,occupied=false,part=head], Block{minecraft:gray_bed}[facing=west,occupied=false,part=head], Block{minecraft:magenta_bed}[facing=south,occupied=true,part=head], Block{minecraft:white_bed}[facing=north,occupied=true,part=head], Block{minecraft:light_blue_bed}[facing=north,occupied=false,part=head], Block{minecraft:light_gray_bed}[facing=west,occupied=false,part=head], Block{minecraft:purple_bed}[facing=east,occupied=true,part=head], Block{minecraft:light_gray_bed}[facing=north,occupied=true,part=head], Block{minecraft:brown_bed}[facing=south,occupied=true,part=head], Block{minecraft:light_blue_bed}[facing=west,occupied=false,part=head], Block{minecraft:gray_bed}[facing=north,occupied=false,part=head], Block{minecraft:cyan_bed}[facing=south,occupied=false,part=head], Block{minecraft:black_bed}[facing=south,occupied=true,part=head], Block{minecraft:yellow_bed}[facing=west,occupied=true,part=head], Block{minecraft:blue_bed}[facing=north,occupied=false,part=head], Block{minecraft:red_bed}[facing=south,occupied=true,part=head], Block{minecraft:orange_bed}[facing=south,occupied=false,part=head], Block{minecraft:purple_bed}[facing=west,occupied=false,part=head], Block{minecraft:white_bed}[facing=west,occupied=true,part=head], Block{minecraft:green_bed}[facing=west,occupied=false,part=head], Block{minecraft:magenta_bed}[facing=west,occupied=true,part=head], Block{minecraft:yellow_bed}[facing=east,occupied=true,part=head], Block{minecraft:orange_bed}[facing=west,occupied=true,part=head], Block{minecraft:pink_bed}[facing=north,occupied=false,part=head], Block{minecraft:light_blue_bed}[facing=east,occupied=false,part=head], Block{minecraft:cyan_bed}[facing=east,occupied=false,part=head], Block{minecraft:pink_bed}[facing=west,occupied=false,part=head], Block{minecraft:yellow_bed}[facing=south,occupied=true,part=head], Block{minecraft:brown_bed}[facing=north,occupied=false,part=head], Block{minecraft:gray_bed}[facing=west,occupied=true,part=head], Block{minecraft:magenta_bed}[facing=east,occupied=false,part=head], Block{minecraft:black_bed}[facing=east,occupied=false,part=head], Block{minecraft:green_bed}[facing=north,occupied=true,part=head], Block{minecraft:red_bed}[facing=west,occupied=false,part=head], Block{minecraft:cyan_bed}[facing=south,occupied=true,part=head], Block{minecraft:green_bed}[facing=west,occupied=true,part=head], Block{minecraft:gray_bed}[facing=east,occupied=true,part=head], Block{minecraft:blue_bed}[facing=west,occupied=true,part=head], Block{minecraft:light_blue_bed}[facing=west,occupied=true,part=head], Block{minecraft:brown_bed}[facing=east,occupied=false,part=head], Block{minecraft:gray_bed}[facing=north,occupied=true,part=head], Block{minecraft:red_bed}[facing=south,occupied=false,part=head], Block{minecraft:red_bed}[facing=east,occupied=true,part=head], Block{minecraft:red_bed}[facing=north,occupied=false,part=head], Block{minecraft:blue_bed}[facing=south,occupied=true,part=head], Block{minecraft:black_bed}[facing=east,occupied=true,part=head], Block{minecraft:yellow_bed}[facing=north,occupied=true,part=head], Block{minecraft:blue_bed}[facing=west,occupied=false,part=head], Block{minecraft:lime_bed}[facing=south,occupied=true,part=head], Block{minecraft:white_bed}[facing=south,occupied=false,part=head], Block{minecraft:cyan_bed}[facing=east,occupied=true,part=head], Block{minecraft:magenta_bed}[facing=north,occupied=true,part=head], Block{minecraft:white_bed}[facing=west,occupied=false,part=head], Block{minecraft:cyan_bed}[facing=north,occupied=true,part=head], Block{minecraft:yellow_bed}[facing=west,occupied=false,part=head], Block{minecraft:black_bed}[facing=south,occupied=false,part=head], Block{minecraft:lime_bed}[facing=north,occupied=true,part=head], Block{minecraft:purple_bed}[facing=west,occupied=true,part=head], Block{minecraft:purple_bed}[facing=south,occupied=false,part=head], Block{minecraft:red_bed}[facing=east,occupied=false,part=head], Block{minecraft:pink_bed}[facing=south,occupied=true,part=head], Block{minecraft:black_bed}[facing=west,occupied=true,part=head], Block{minecraft:white_bed}[facing=south,occupied=true,part=head], Block{minecraft:pink_bed}[facing=west,occupied=true,part=head], Block{minecraft:green_bed}[facing=south,occupied=false,part=head], Block{minecraft:black_bed}[facing=north,occupied=true,part=head], Block{minecraft:green_bed}[facing=north,occupied=false,part=head], Block{minecraft:light_gray_bed}[facing=north,occupied=false,part=head], Block{minecraft:green_bed}[facing=east,occupied=true,part=head], Block{minecraft:light_gray_bed}[facing=east,occupied=true,part=head], Block{minecraft:light_blue_bed}[facing=south,occupied=true,part=head], Block{minecraft:orange_bed}[facing=north,occupied=false,part=head], Block{minecraft:white_bed}[facing=east,occupied=true,part=head], Block{minecraft:pink_bed}[facing=east,occupied=false,part=head], Block{minecraft:lime_bed}[facing=east,occupied=true,part=head], Block{minecraft:cyan_bed}[facing=north,occupied=false,part=head], Block{minecraft:brown_bed}[facing=west,occupied=true,part=head], Block{minecraft:gray_bed}[facing=east,occupied=false,part=head], Block{minecraft:light_blue_bed}[facing=south,occupied=false,part=head], Block{minecraft:light_blue_bed}[facing=north,occupied=true,part=head], Block{minecraft:white_bed}[facing=east,occupied=false,part=head], Block{minecraft:orange_bed}[facing=west,occupied=false,part=head], Block{minecraft:yellow_bed}[facing=north,occupied=false,part=head], Block{minecraft:blue_bed}[facing=south,occupied=false,part=head], Block{minecraft:orange_bed}[facing=east,occupied=true,part=head], Block{minecraft:blue_bed}[facing=north,occupied=true,part=head], Block{minecraft:pink_bed}[facing=north,occupied=true,part=head], Block{minecraft:yellow_bed}[facing=east,occupied=false,part=head], Block{minecraft:brown_bed}[facing=west,occupied=false,part=head]], maxTickets=1, validRange=1]","1"
"minecraft:leatherworker","class_4158[matchingStates=[Block{amendments:liquid_cauldron}[boiling=true,level=1,light_level=5], Block{amendments:liquid_cauldron}[boiling=true,level=3,light_level=9], Block{amendments:liquid_cauldron}[boiling=false,level=1,light_level=9], Block{amendments:liquid_cauldron}[boiling=true,level=2,light_level=10], Block{amendments:liquid_cauldron}[boiling=false,level=1,light_level=6], Block{amendments:liquid_cauldron}[boiling=true,level=1,light_level=7], Block{amendments:liquid_cauldron}[boiling=true,level=1,light_level=13], Block{minecraft:water_cauldron}[boiling=true,level=1], Block{amendments:liquid_cauldron}[boiling=true,level=3,light_level=15], Block{amendments:liquid_cauldron}[boiling=false,level=2,light_level=8], Block{amendments:liquid_cauldron}[boiling=false,level=3,light_level=2], Block{amendments:liquid_cauldron}[boiling=false,level=3,light_level=5], Block{amendments:liquid_cauldron}[boiling=false,level=1,light_level=3], Block{amendments:liquid_cauldron}[boiling=false,level=3,light_level=13], Block{amendments:dye_cauldron}[boiling=false,level=3], Block{amendments:liquid_cauldron}[boiling=true,level=2,light_level=4], Block{minecraft:powder_snow_cauldron}[level=1], Block{amendments:dye_cauldron}[boiling=true,level=3], Block{amendments:liquid_cauldron}[boiling=false,level=2,light_level=2], Block{amendments:liquid_cauldron}[boiling=false,level=3,light_level=4], Block{amendments:liquid_cauldron}[boiling=false,level=3,light_level=10], Block{amendments:liquid_cauldron}[boiling=false,level=2,light_level=10], Block{amendments:liquid_cauldron}[boiling=true,level=1,light_level=3], Block{amendments:liquid_cauldron}[boiling=false,level=2,light_level=1], Block{amendments:liquid_cauldron}[boiling=true,level=2,light_level=9], Block{amendments:liquid_cauldron}[boiling=true,level=3,light_level=3], Block{amendments:liquid_cauldron}[boiling=true,level=2,light_level=11], Block{amendments:liquid_cauldron}[boiling=true,level=2,light_level=3], Block{amendments:liquid_cauldron}[boiling=true,level=3,light_level=7], Block{amendments:liquid_cauldron}[boiling=false,level=3,light_level=0], Block{amendments:liquid_cauldron}[boiling=true,level=1,light_level=4], Block{minecraft:cauldron}, Block{amendments:liquid_cauldron}[boiling=true,level=1,light_level=12], Block{amendments:liquid_cauldron}[boiling=false,level=2,light_level=13], Block{amendments:liquid_cauldron}[boiling=true,level=3,light_level=8], Block{amendments:liquid_cauldron}[boiling=true,level=1,light_level=8], Block{amendments:liquid_cauldron}[boiling=true,level=3,light_level=10], Block{amendments:liquid_cauldron}[boiling=true,level=2,light_level=6], Block{amendments:liquid_cauldron}[boiling=false,level=2,light_level=0], Block{minecraft:water_cauldron}[boiling=false,level=1], Block{amendments:liquid_cauldron}[boiling=false,level=1,light_level=4], Block{minecraft:water_cauldron}[boiling=true,level=3], Block{amendments:dye_cauldron}[boiling=false,level=1], Block{amendments:liquid_cauldron}[boiling=false,level=2,light_level=9], Block{amendments:liquid_cauldron}[boiling=true,level=1,light_level=1], Block{amendments:liquid_cauldron}[boiling=true,level=2,light_level=5], Block{amendments:liquid_cauldron}[boiling=false,level=3,light_level=6], Block{amendments:liquid_cauldron}[boiling=true,level=3,light_level=6], Block{amendments:liquid_cauldron}[boiling=false,level=3,light_level=1], Block{amendments:liquid_cauldron}[boiling=false,level=2,light_level=7], Block{amendments:liquid_cauldron}[boiling=true,level=2,light_level=7], Block{amendments:liquid_cauldron}[boiling=false,level=1,light_level=0], Block{amendments:liquid_cauldron}[boiling=false,level=3,light_level=3], Block{amendments:liquid_cauldron}[boiling=true,level=1,light_level=0], Block{amendments:liquid_cauldron}[boiling=false,level=2,light_level=15], Block{amendments:liquid_cauldron}[boiling=true,level=1,light_level=11], Block{amendments:liquid_cauldron}[boiling=false,level=1,light_level=7], Block{amendments:dye_cauldron}[boiling=false,level=2], Block{amendments:liquid_cauldron}[boiling=false,level=2,light_level=3], Block{amendments:liquid_cauldron}[boiling=false,level=2,light_level=12], Block{amendments:liquid_cauldron}[boiling=true,level=1,light_level=14], Block{amendments:liquid_cauldron}[boiling=false,level=1,light_level=14], Block{amendments:liquid_cauldron}[boiling=false,level=2,light_level=11], Block{amendments:liquid_cauldron}[boiling=true,level=2,light_level=15], Block{amendments:liquid_cauldron}[boiling=true,level=3,light_level=11], Block{amendments:liquid_cauldron}[boiling=true,level=2,light_level=13], Block{amendments:liquid_cauldron}[boiling=false,level=2,light_level=14], Block{minecraft:powder_snow_cauldron}[level=3], Block{amendments:dye_cauldron}[boiling=true,level=2], Block{minecraft:powder_snow_cauldron}[level=2], Block{minecraft:water_cauldron}[boiling=true,level=2], Block{amendments:liquid_cauldron}[boiling=true,level=3,light_level=14], Block{amendments:liquid_cauldron}[boiling=false,level=1,light_level=5], Block{minecraft:water_cauldron}[boiling=false,level=2], Block{amendments:liquid_cauldron}[boiling=false,level=1,light_level=12], Block{amendments:liquid_cauldron}[boiling=false,level=3,light_level=7], Block{amendments:liquid_cauldron}[boiling=false,level=3,light_level=8], Block{amendments:liquid_cauldron}[boiling=true,level=1,light_level=15], Block{amendments:dye_cauldron}[boiling=true,level=1], Block{amendments:liquid_cauldron}[boiling=false,level=1,light_level=10], Block{amendments:liquid_cauldron}[boiling=true,level=3,light_level=1], Block{amendments:liquid_cauldron}[boiling=false,level=3,light_level=12], Block{amendments:liquid_cauldron}[boiling=true,level=2,light_level=14], Block{amendments:liquid_cauldron}[boiling=true,level=3,light_level=0], Block{minecraft:water_cauldron}[boiling=false,level=3], Block{amendments:liquid_cauldron}[boiling=true,level=1,light_level=10], Block{amendments:liquid_cauldron}[boiling=true,level=2,light_level=8], Block{amendments:liquid_cauldron}[boiling=false,level=3,light_level=14], Block{amendments:liquid_cauldron}[boiling=true,level=1,light_level=6], Block{amendments:liquid_cauldron}[boiling=true,level=3,light_level=2], Block{amendments:liquid_cauldron}[boiling=false,level=3,light_level=15], Block{amendments:liquid_cauldron}[boiling=true,level=1,light_level=9], Block{amendments:liquid_cauldron}[boiling=true,level=3,light_level=13], Block{amendments:liquid_cauldron}[boiling=false,level=1,light_level=11], Block{amendments:liquid_cauldron}[boiling=true,level=3,light_level=5], Block{amendments:liquid_cauldron}[boiling=false,level=1,light_level=15], Block{amendments:liquid_cauldron}[boiling=false,level=1,light_level=1], Block{amendments:liquid_cauldron}[boiling=false,level=1,light_level=2], Block{amendments:liquid_cauldron}[boiling=false,level=1,light_level=8], Block{amendments:liquid_cauldron}[boiling=true,level=2,light_level=12], Block{amendments:liquid_cauldron}[boiling=false,level=1,light_level=13], Block{amendments:liquid_cauldron}[boiling=false,level=3,light_level=11], Block{amendments:liquid_cauldron}[boiling=true,level=3,light_level=4], Block{amendments:liquid_cauldron}[boiling=true,level=3,light_level=12], Block{amendments:liquid_cauldron}[boiling=false,level=2,light_level=6], Block{amendments:liquid_cauldron}[boiling=true,level=2,light_level=0], Block{minecraft:lava_cauldron}, Block{amendments:liquid_cauldron}[boiling=false,level=3,light_level=9], Block{amendments:liquid_cauldron}[boiling=true,level=2,light_level=1], Block{amendments:liquid_cauldron}[boiling=true,level=1,light_level=2], Block{amendments:liquid_cauldron}[boiling=false,level=2,light_level=4], Block{amendments:liquid_cauldron}[boiling=true,level=2,light_level=2], Block{amendments:liquid_cauldron}[boiling=false,level=2,light_level=5]], maxTickets=1, validRange=1]","1"
"minecraft:librarian","class_4158[matchingStates=[Block{minecraft:lectern}[facing=east,has_book=true,powered=true], Block{minecraft:lectern}[facing=east,has_book=false,powered=false], Block{minecraft:lectern}[facing=west,has_book=true,powered=true], Block{minecraft:lectern}[facing=south,has_book=true,powered=true], Block{minecraft:lectern}[facing=west,has_book=false,powered=true], Block{minecraft:lectern}[facing=west,has_book=false,powered=false], Block{minecraft:lectern}[facing=north,has_book=true,powered=false], Block{minecraft:lectern}[facing=north,has_book=true,powered=true], Block{minecraft:lectern}[facing=south,has_book=false,powered=false], Block{minecraft:lectern}[facing=south,has_book=true,powered=false], Block{minecraft:lectern}[facing=east,has_book=true,powered=false], Block{minecraft:lectern}[facing=east,has_book=false,powered=true], Block{minecraft:lectern}[facing=west,has_book=true,powered=false], Block{minecraft:lectern}[facing=south,has_book=false,powered=true], Block{minecraft:lectern}[facing=north,has_book=false,powered=false], Block{minecraft:lectern}[facing=north,has_book=false,powered=true]], maxTickets=1, validRange=1]","1"
"minecraft:lightning_rod","class_4158[matchingStates=[Block{minecraft:lightning_rod}[facing=east,powered=false,waterlogged=true], Block{minecraft:lightning_rod}[facing=down,powered=false,waterlogged=false], Block{minecraft:lightning_rod}[facing=down,powered=true,waterlogged=true], Block{minecraft:lightning_rod}[facing=south,powered=false,waterlogged=false], Block{minecraft:lightning_rod}[facing=west,powered=false,waterlogged=false], Block{minecraft:lightning_rod}[facing=north,powered=true,waterlogged=false], Block{minecraft:lightning_rod}[facing=up,powered=false,waterlogged=false], Block{minecraft:lightning_rod}[facing=down,powered=true,waterlogged=false], Block{minecraft:lightning_rod}[facing=west,powered=true,waterlogged=true], Block{minecraft:lightning_rod}[facing=south,powered=true,waterlogged=false], Block{minecraft:lightning_rod}[facing=east,powered=false,waterlogged=false], Block{minecraft:lightning_rod}[facing=down,powered=false,waterlogged=true], Block{minecraft:lightning_rod}[facing=up,powered=true,waterlogged=false], Block{minecraft:lightning_rod}[facing=north,powered=true,waterlogged=true], Block{minecraft:lightning_rod}[facing=west,powered=true,waterlogged=false], Block{minecraft:lightning_rod}[facing=north,powered=false,waterlogged=true], Block{minecraft:lightning_rod}[facing=south,powered=true,waterlogged=true], Block{minecraft:lightning_rod}[facing=north,powered=false,waterlogged=false], Block{minecraft:lightning_rod}[facing=up,powered=false,waterlogged=true], Block{minecraft:lightning_rod}[facing=east,powered=true,waterlogged=false], Block{minecraft:lightning_rod}[facing=up,powered=true,waterlogged=true], Block{minecraft:lightning_rod}[facing=east,powered=true,waterlogged=true], Block{minecraft:lightning_rod}[facing=west,powered=false,waterlogged=true], Block{minecraft:lightning_rod}[facing=south,powered=false,waterlogged=true]], maxTickets=0, validRange=1]","1"
"minecraft:lodestone","class_4158[matchingStates=[Block{minecraft:lodestone}], maxTickets=0, validRange=1]","1"
"minecraft:mason","class_4158[matchingStates=[Block{minecraft:stonecutter}[facing=east], Block{minecraft:stonecutter}[facing=west], Block{minecraft:stonecutter}[facing=south], Block{minecraft:stonecutter}[facing=north]], maxTickets=1, validRange=1]","1"
"minecraft:meeting","class_4158[matchingStates=[Block{minecraft:bell}[attachment=floor,facing=north,powered=false], Block{minecraft:bell}[attachment=double_wall,facing=east,powered=false], Block{minecraft:bell}[attachment=single_wall,facing=north,powered=false], Block{minecraft:bell}[attachment=double_wall,facing=east,powered=true], Block{minecraft:bell}[attachment=single_wall,facing=south,powered=false], Block{minecraft:bell}[attachment=single_wall,facing=west,powered=false], Block{minecraft:bell}[attachment=double_wall,facing=south,powered=false], Block{minecraft:bell}[attachment=ceiling,facing=north,powered=true], Block{minecraft:bell}[attachment=floor,facing=north,powered=true], Block{minecraft:bell}[attachment=ceiling,facing=east,powered=true], Block{minecraft:bell}[attachment=single_wall,facing=west,powered=true], Block{minecraft:bell}[attachment=floor,facing=west,powered=true], Block{minecraft:bell}[attachment=floor,facing=east,powered=false], Block{minecraft:bell}[attachment=floor,facing=east,powered=true], Block{minecraft:bell}[attachment=ceiling,facing=east,powered=false], Block{minecraft:bell}[attachment=floor,facing=west,powered=false], Block{minecraft:bell}[attachment=single_wall,facing=north,powered=true], Block{minecraft:bell}[attachment=floor,facing=south,powered=false], Block{minecraft:bell}[attachment=single_wall,facing=east,powered=false], Block{minecraft:bell}[attachment=single_wall,facing=south,powered=true], Block{minecraft:bell}[attachment=ceiling,facing=south,powered=true], Block{minecraft:bell}[attachment=double_wall,facing=west,powered=true], Block{minecraft:bell}[attachment=floor,facing=south,powered=true], Block{minecraft:bell}[attachment=double_wall,facing=north,powered=true], Block{minecraft:bell}[attachment=single_wall,facing=east,powered=true], Block{minecraft:bell}[attachment=ceiling,facing=west,powered=true], Block{minecraft:bell}[attachment=double_wall,facing=west,powered=false], Block{minecraft:bell}[attachment=double_wall,facing=north,powered=false], Block{minecraft:bell}[attachment=double_wall,facing=south,powered=true], Block{minecraft:bell}[attachment=ceiling,facing=north,powered=false], Block{minecraft:bell}[attachment=ceiling,facing=west,powered=false], Block{minecraft:bell}[attachment=ceiling,facing=south,powered=false]], maxTickets=32, validRange=6]","6"
"minecraft:nether_portal","class_4158[matchingStates=[Block{minecraft:nether_portal}[axis=z], Block{minecraft:nether_portal}[axis=x]], maxTickets=0, validRange=1]","1"
"minecraft:shepherd","class_4158[matchingStates=[Block{minecraft:loom}[facing=east], Block{minecraft:loom}[facing=west], Block{minecraft:loom}[facing=south], Block{minecraft:loom}[facing=north]], maxTickets=1, validRange=1]","1"
"minecraft:toolsmith","class_4158[matchingStates=[Block{minecraft:smithing_table}], maxTickets=1, validRange=1]","1"
"minecraft:weaponsmith","class_4158[matchingStates=[Block{minecraft:grindstone}[face=wall,facing=south], Block{minecraft:grindstone}[face=wall,facing=west], Block{minecraft:grindstone}[face=ceiling,facing=north], Block{minecraft:grindstone}[face=ceiling,facing=west], Block{minecraft:grindstone}[face=floor,facing=north], Block{minecraft:grindstone}[face=floor,facing=east], Block{minecraft:grindstone}[face=wall,facing=east], Block{minecraft:grindstone}[face=ceiling,facing=south], Block{minecraft:grindstone}[face=floor,facing=south], Block{minecraft:grindstone}[face=ceiling,facing=east], Block{minecraft:grindstone}[face=wall,facing=north], Block{minecraft:grindstone}[face=floor,facing=west]], maxTickets=1, validRange=1]","1"
"vinery:winemaker_poi","class_4158[matchingStates=[Block{vinery:fermentation_barrel}[facing=south], Block{vinery:fermentation_barrel}[facing=north], Block{vinery:fermentation_barrel}[facing=east], Block{vinery:fermentation_barrel}[facing=west]], maxTickets=1, validRange=12]","12"
"waystones:village_waystone","class_4158[matchingStates=[Block{waystones:mossy_waystone}[facing=west,half=upper,origin=village,waterlogged=false], Block{waystones:mossy_waystone}[facing=east,half=lower,origin=village,waterlogged=true], Block{waystones:blackstone_waystone}[facing=west,half=lower,origin=village,waterlogged=false], Block{waystones:waystone}[facing=east,half=lower,origin=village,waterlogged=true], Block{waystones:sandy_waystone}[facing=east,half=upper,origin=village,waterlogged=true], Block{waystones:waystone}[facing=east,half=upper,origin=village,waterlogged=true], Block{waystones:blackstone_waystone}[facing=south,half=upper,origin=village,waterlogged=true], Block{waystones:end_stone_waystone}[facing=west,half=upper,origin=village,waterlogged=false], Block{waystones:mossy_waystone}[facing=north,half=upper,origin=village,waterlogged=true], Block{waystones:sandy_waystone}[facing=south,half=lower,origin=village,waterlogged=false], Block{waystones:blackstone_waystone}[facing=east,half=lower,origin=village,waterlogged=false], Block{waystones:mossy_waystone}[facing=south,half=lower,origin=village,waterlogged=false], Block{waystones:waystone}[facing=south,half=lower,origin=village,waterlogged=false], Block{waystones:sandy_waystone}[facing=west,half=lower,origin=village,waterlogged=false], Block{waystones:mossy_waystone}[facing=west,half=upper,origin=village,waterlogged=true], Block{waystones:waystone}[facing=north,half=lower,origin=village,waterlogged=true], Block{waystones:blackstone_waystone}[facing=north,half=lower,origin=village,waterlogged=false], Block{waystones:end_stone_waystone}[facing=east,half=upper,origin=village,waterlogged=false], Block{waystones:blackstone_waystone}[facing=east,half=lower,origin=village,waterlogged=true], Block{waystones:sandy_waystone}[facing=north,half=lower,origin=village,waterlogged=true], Block{waystones:blackstone_waystone}[facing=east,half=upper,origin=village,waterlogged=false], Block{waystones:blackstone_waystone}[facing=south,half=lower,origin=village,waterlogged=true], Block{waystones:waystone}[facing=south,half=lower,origin=village,waterlogged=true], Block{waystones:blackstone_waystone}[facing=west,half=upper,origin=village,waterlogged=true], Block{waystones:mossy_waystone}[facing=west,half=lower,origin=village,waterlogged=true], Block{waystones:blackstone_waystone}[facing=west,half=upper,origin=village,waterlogged=false], Block{waystones:end_stone_waystone}[facing=north,half=lower,origin=village,waterlogged=false], Block{waystones:end_stone_waystone}[facing=west,half=lower,origin=village,waterlogged=true], Block{waystones:blackstone_waystone}[facing=north,half=upper,origin=village,waterlogged=false], Block{waystones:mossy_waystone}[facing=east,half=upper,origin=village,waterlogged=false], Block{waystones:sandy_waystone}[facing=north,half=upper,origin=village,waterlogged=true], Block{waystones:mossy_waystone}[facing=east,half=upper,origin=village,waterlogged=true], Block{waystones:sandy_waystone}[facing=west,half=upper,origin=village,waterlogged=false], Block{waystones:blackstone_waystone}[facing=south,half=upper,origin=village,waterlogged=false], Block{waystones:end_stone_waystone}[facing=north,half=upper,origin=village,waterlogged=false], Block{waystones:end_stone_waystone}[facing=south,half=upper,origin=village,waterlogged=false], Block{waystones:sandy_waystone}[facing=north,half=lower,origin=village,waterlogged=false], Block{waystones:sandy_waystone}[facing=south,half=lower,origin=village,waterlogged=true], Block{waystones:waystone}[facing=north,half=upper,origin=village,waterlogged=true], Block{waystones:waystone}[facing=south,half=upper,origin=village,waterlogged=false], Block{waystones:blackstone_waystone}[facing=east,half=upper,origin=village,waterlogged=true], Block{waystones:waystone}[facing=west,half=lower,origin=village,waterlogged=true], Block{waystones:sandy_waystone}[facing=north,half=upper,origin=village,waterlogged=false], Block{waystones:mossy_waystone}[facing=south,half=upper,origin=village,waterlogged=false], Block{waystones:blackstone_waystone}[facing=north,half=lower,origin=village,waterlogged=true], Block{waystones:waystone}[facing=west,half=upper,origin=village,waterlogged=true], Block{waystones:mossy_waystone}[facing=south,half=lower,origin=village,waterlogged=true], Block{waystones:end_stone_waystone}[facing=south,half=upper,origin=village,waterlogged=true], Block{waystones:sandy_waystone}[facing=east,half=upper,origin=village,waterlogged=false], Block{waystones:waystone}[facing=west,half=upper,origin=village,waterlogged=false], Block{waystones:end_stone_waystone}[facing=west,half=lower,origin=village,waterlogged=false], Block{waystones:mossy_waystone}[facing=south,half=upper,origin=village,waterlogged=true], Block{waystones:waystone}[facing=east,half=lower,origin=village,waterlogged=false], Block{waystones:end_stone_waystone}[facing=north,half=lower,origin=village,waterlogged=true], Block{waystones:sandy_waystone}[facing=east,half=lower,origin=village,waterlogged=false], Block{waystones:mossy_waystone}[facing=north,half=upper,origin=village,waterlogged=false], Block{waystones:end_stone_waystone}[facing=east,half=lower,origin=village,waterlogged=false], Block{waystones:mossy_waystone}[facing=north,half=lower,origin=village,waterlogged=true], Block{waystones:mossy_waystone}[facing=east,half=lower,origin=village,waterlogged=false], Block{waystones:mossy_waystone}[facing=west,half=lower,origin=village,waterlogged=false], Block{waystones:end_stone_waystone}[facing=north,half=upper,origin=village,waterlogged=true], Block{waystones:end_stone_waystone}[facing=east,half=lower,origin=village,waterlogged=true], Block{waystones:sandy_waystone}[facing=west,half=lower,origin=village,waterlogged=true], Block{waystones:waystone}[facing=south,half=upper,origin=village,waterlogged=true], Block{waystones:mossy_waystone}[facing=north,half=lower,origin=village,waterlogged=false], Block{waystones:blackstone_waystone}[facing=south,half=lower,origin=village,waterlogged=false], Block{waystones:end_stone_waystone}[facing=south,half=lower,origin=village,waterlogged=true], Block{waystones:blackstone_waystone}[facing=west,half=lower,origin=village,waterlogged=true], Block{waystones:waystone}[facing=east,half=upper,origin=village,waterlogged=false], Block{waystones:sandy_waystone}[facing=west,half=upper,origin=village,waterlogged=true], Block{waystones:sandy_waystone}[facing=east,half=lower,origin=village,waterlogged=true], Block{waystones:sandy_waystone}[facing=south,half=upper,origin=village,waterlogged=false], Block{waystones:end_stone_waystone}[facing=west,half=upper,origin=village,waterlogged=true], Block{waystones:waystone}[facing=west,half=lower,origin=village,waterlogged=false], Block{waystones:sandy_waystone}[facing=south,half=upper,origin=village,waterlogged=true], Block{waystones:waystone}[facing=north,half=lower,origin=village,waterlogged=false], Block{waystones:blackstone_waystone}[facing=north,half=upper,origin=village,waterlogged=true], Block{waystones:end_stone_waystone}[facing=east,half=upper,origin=village,waterlogged=true], Block{waystones:end_stone_waystone}[facing=south,half=lower,origin=village,waterlogged=false], Block{waystones:waystone}[facing=north,half=upper,origin=village,waterlogged=false]], maxTickets=1, validRange=1]","1"
"waystones:wild_waystone","class_4158[matchingStates=[Block{waystones:mossy_waystone}[facing=south,half=upper,origin=wilderness,waterlogged=true], Block{waystones:mossy_waystone}[facing=north,half=upper,origin=wilderness,waterlogged=true], Block{waystones:blackstone_waystone}[facing=east,half=upper,origin=wilderness,waterlogged=false], Block{waystones:end_stone_waystone}[facing=south,half=lower,origin=wilderness,waterlogged=true], Block{waystones:end_stone_waystone}[facing=south,half=upper,origin=wilderness,waterlogged=true], Block{waystones:blackstone_waystone}[facing=east,half=upper,origin=wilderness,waterlogged=true], Block{waystones:blackstone_waystone}[facing=south,half=lower,origin=wilderness,waterlogged=true], Block{waystones:sandy_waystone}[facing=east,half=lower,origin=wilderness,waterlogged=false], Block{waystones:waystone}[facing=north,half=upper,origin=wilderness,waterlogged=false], Block{waystones:mossy_waystone}[facing=west,half=lower,origin=wilderness,waterlogged=false], Block{waystones:blackstone_waystone}[facing=north,half=lower,origin=wilderness,waterlogged=false], Block{waystones:waystone}[facing=east,half=upper,origin=wilderness,waterlogged=false], Block{waystones:waystone}[facing=west,half=upper,origin=wilderness,waterlogged=true], Block{waystones:sandy_waystone}[facing=east,half=upper,origin=wilderness,waterlogged=false], Block{waystones:end_stone_waystone}[facing=west,half=lower,origin=wilderness,waterlogged=false], Block{waystones:end_stone_waystone}[facing=north,half=upper,origin=wilderness,waterlogged=true], Block{waystones:mossy_waystone}[facing=north,half=lower,origin=wilderness,waterlogged=false], Block{waystones:sandy_waystone}[facing=south,half=upper,origin=wilderness,waterlogged=false], Block{waystones:mossy_waystone}[facing=east,half=lower,origin=wilderness,waterlogged=false], Block{waystones:sandy_waystone}[facing=west,half=upper,origin=wilderness,waterlogged=false], Block{waystones:waystone}[facing=north,half=lower,origin=wilderness,waterlogged=true], Block{waystones:end_stone_waystone}[facing=south,half=lower,origin=wilderness,waterlogged=false], Block{waystones:blackstone_waystone}[facing=south,half=upper,origin=wilderness,waterlogged=false], Block{waystones:waystone}[facing=west,half=upper,origin=wilderness,waterlogged=false], Block{waystones:waystone}[facing=west,half=lower,origin=wilderness,waterlogged=true], Block{waystones:mossy_waystone}[facing=west,half=lower,origin=wilderness,waterlogged=true], Block{waystones:end_stone_waystone}[facing=east,half=lower,origin=wilderness,waterlogged=false], Block{waystones:mossy_waystone}[facing=east,half=upper,origin=wilderness,waterlogged=true], Block{waystones:mossy_waystone}[facing=north,half=lower,origin=wilderness,waterlogged=true], Block{waystones:blackstone_waystone}[facing=west,half=upper,origin=wilderness,waterlogged=false], Block{waystones:blackstone_waystone}[facing=south,half=upper,origin=wilderness,waterlogged=true], Block{waystones:waystone}[facing=north,half=upper,origin=wilderness,waterlogged=true], Block{waystones:waystone}[facing=west,half=lower,origin=wilderness,waterlogged=false], Block{waystones:waystone}[facing=east,half=lower,origin=wilderness,waterlogged=true], Block{waystones:blackstone_waystone}[facing=east,half=lower,origin=wilderness,waterlogged=true], Block{waystones:sandy_waystone}[facing=south,half=upper,origin=wilderness,waterlogged=true], Block{waystones:end_stone_waystone}[facing=west,half=upper,origin=wilderness,waterlogged=true], Block{waystones:waystone}[facing=south,half=upper,origin=wilderness,waterlogged=false], Block{waystones:mossy_waystone}[facing=west,half=upper,origin=wilderness,waterlogged=true], Block{waystones:end_stone_waystone}[facing=north,half=lower,origin=wilderness,waterlogged=false], Block{waystones:sandy_waystone}[facing=south,half=lower,origin=wilderness,waterlogged=false], Block{waystones:mossy_waystone}[facing=south,half=lower,origin=wilderness,waterlogged=false], Block{waystones:mossy_waystone}[facing=south,half=upper,origin=wilderness,waterlogged=false], Block{waystones:blackstone_waystone}[facing=north,half=lower,origin=wilderness,waterlogged=true], Block{waystones:waystone}[facing=south,half=lower,origin=wilderness,waterlogged=false], Block{waystones:mossy_waystone}[facing=east,half=lower,origin=wilderness,waterlogged=true], Block{waystones:sandy_waystone}[facing=north,half=upper,origin=wilderness,waterlogged=false], Block{waystones:blackstone_waystone}[facing=south,half=lower,origin=wilderness,waterlogged=false], Block{waystones:mossy_waystone}[facing=north,half=upper,origin=wilderness,waterlogged=false], Block{waystones:waystone}[facing=east,half=upper,origin=wilderness,waterlogged=true], Block{waystones:mossy_waystone}[facing=south,half=lower,origin=wilderness,waterlogged=true], Block{waystones:sandy_waystone}[facing=west,half=upper,origin=wilderness,waterlogged=true], Block{waystones:end_stone_waystone}[facing=north,half=lower,origin=wilderness,waterlogged=true], Block{waystones:end_stone_waystone}[facing=east,half=upper,origin=wilderness,waterlogged=false], Block{waystones:blackstone_waystone}[facing=east,half=lower,origin=wilderness,waterlogged=false], Block{waystones:waystone}[facing=east,half=lower,origin=wilderness,waterlogged=false], Block{waystones:end_stone_waystone}[facing=west,half=lower,origin=wilderness,waterlogged=true], Block{waystones:mossy_waystone}[facing=west,half=upper,origin=wilderness,waterlogged=false], Block{waystones:blackstone_waystone}[facing=west,half=upper,origin=wilderness,waterlogged=true], Block{waystones:mossy_waystone}[facing=east,half=upper,origin=wilderness,waterlogged=false], Block{waystones:waystone}[facing=south,half=lower,origin=wilderness,waterlogged=true], Block{waystones:blackstone_waystone}[facing=west,half=lower,origin=wilderness,waterlogged=false], Block{waystones:sandy_waystone}[facing=north,half=upper,origin=wilderness,waterlogged=true], Block{waystones:blackstone_waystone}[facing=north,half=upper,origin=wilderness,waterlogged=true], Block{waystones:blackstone_waystone}[facing=north,half=upper,origin=wilderness,waterlogged=false], Block{waystones:sandy_waystone}[facing=west,half=lower,origin=wilderness,waterlogged=true], Block{waystones:end_stone_waystone}[facing=south,half=upper,origin=wilderness,waterlogged=false], Block{waystones:end_stone_waystone}[facing=east,half=upper,origin=wilderness,waterlogged=true], Block{waystones:sandy_waystone}[facing=north,half=lower,origin=wilderness,waterlogged=true], Block{waystones:end_stone_waystone}[facing=north,half=upper,origin=wilderness,waterlogged=false], Block{waystones:sandy_waystone}[facing=east,half=upper,origin=wilderness,waterlogged=true], Block{waystones:waystone}[facing=north,half=lower,origin=wilderness,waterlogged=false], Block{waystones:sandy_waystone}[facing=west,half=lower,origin=wilderness,waterlogged=false], Block{waystones:waystone}[facing=south,half=upper,origin=wilderness,waterlogged=true], Block{waystones:end_stone_waystone}[facing=west,half=upper,origin=wilderness,waterlogged=false], Block{waystones:sandy_waystone}[facing=north,half=lower,origin=wilderness,waterlogged=false], Block{waystones:end_stone_waystone}[facing=east,half=lower,origin=wilderness,waterlogged=true], Block{waystones:blackstone_waystone}[facing=west,half=lower,origin=wilderness,waterlogged=true], Block{waystones:sandy_waystone}[facing=east,half=lower,origin=wilderness,waterlogged=true], Block{waystones:sandy_waystone}[facing=south,half=lower,origin=wilderness,waterlogged=true]], maxTickets=1, validRange=1]","1"
"wizards:wizard_merchant","class_4158[matchingStates=[Block{runes:crafting_altar}[facing=south], Block{runes:crafting_altar}[facing=east], Block{runes:crafting_altar}[facing=west], Block{runes:crafting_altar}[facing=north]], maxTickets=1, validRange=10]","10"
